FanId,FirstName,LastName,Email,Birthdate,Gender,Street,City,State,Country,PostalCode,Phone
FAN-1029453,Abbigail,Torpie,ATorpie244@yahoo.com.uk,1958-09-23,,566 Pine Lane,Manchester,England,UK,M1 4AE,
FAN-1031599,Abigail,Penkman,APenkman161@apple.com.sa,1986-10-08,,505  Cedar Rd,Riyadh,,Saudi Arabia,11543,(254) 3673461
FAN-1051279,Abigayle,Boulton,Abigail_Boulton@hotmail.com.jp,1970-03-01,,202  Oak Ave,Tokyo,Tokyo,Japan,100-0001,(366) 4591707
FAN-1071081,Abigayle,Eagell,Abigail_Eagell@aol.com.eg,1987-11-22,Female,456 Maple Ave,Cairo,,Egypt,11519,
FAN-1077692,Aidan,Braune,Aiden_Braune@yahoo.com.it,1970-12-21,,404 Elm St,Rome,Lazio,Italy,118,
FAN-1080305,Adan,Walsom,Aiden_Walsom@hotmail.com.tr,1998-06-09,Male,404 Pine Ave,Istanbul,,Turkey,34110,
FAN-1118908,Aiden,Blaise,Aiden_Blaise@gmail.com,2000-12-26,Female,606  Birch St,Downtown,CA,United States,54321,
FAN-1139477,Aidan,Brownsey,Aiden_Brownsey@yahoo.com.ar,1990-07-14,,432 Strawberry Court,Buenos Aires,Capital Federal,Argentina,C1067AAF,
FAN-1173911,Aleksander,Bester,Alexander.Bester@mail.com,,,987 Willow Circle,Metro,NY,United States,10987,(942) 9682747
FAN-1175288,Alexzander,Scotti,Alexander_Scotti@aol.com.de,1963-06-19,Male,9201  Maple Avenue,Hamburg,Hamburg,Germany,20095,(896) 6362180
FAN-1234078,Alexzander,Liccardi,Alexander_Liccardi@hotmail.com,1985-06-06,Female,123 Pine Avenue,Metropolis,CA,United States,10987,(986) 5719995
FAN-1239497,Alexander,Pinchbeck,Alexander_Pinchbeck@gmail.com.nl,1958-08-09,Male,303 Pine Rd,Amsterdam,,Netherlands,1012 JS,
FAN-1260526,Andrew,Sogg,ASogg179@apple.com.de,2002-03-04,Female,556  Cedar Avenue,Berlin,Berlin,Germany,10115,(741) 2678702
FAN-1280995,Andre,Daftor,ADaftor109@gmail.com,1993-09-10,Female,1121 Elm Road,Hometown,TX,United States,23456,(363) 9001557
FAN-1290448,Andrey,Bosden,Andrew_Bosden@hotmail.com,,Female,123  Main Street,Zone,NY,United States,87654,(638) 5866372
FAN-1291177,Andre,holmes,Aholmes124@gmail.com.hu,,,1212 Orange St,Budapest,Budapest,Hungary,1051,(468) 6179999
FAN-1293049,Benjamin,Harower,BHarower11@apple.com.de,1995-08-18,Female,321 Lemon Avenue,Berlin,Berlin,Germany,10117,(491) 3867557
FAN-1293887,Benjamen,Van den Hof,BVandenHof242@gmail.com.gr,1962-09-12,Female,303 Willow St,Athens,,Greece,105 64,(451) 7563277
FAN-1306732,Ben,Warde,Benjamin_Warde@aol.com,1995-08-22,Female,900 Pine Road,Los Angeles,CA,USA,90001,(642) 4722416
FAN-1363046,Benjamin,Swane,BSwane163@apple.com,,Female,456 Oak Avenue,Somewhere,TX,United States,67890,
FAN-1372955,Cleo,Duffin,CDuffin52@yahoo.com.fr,1963-07-11,,101  Pine St,Paris,,France,75001,(508) 8093958
FAN-1389636,Khloe,Baxstar,Chloe.Baxstar@mail.com.ar,,,890 Cherry Lane,Buenos Aires,Capital Federal,Argentina,C1107AAA,(505) 1494406
FAN-1394118,Khloe,Baynton,Chloe.Baynton@mail.com.uk,1979-04-12,Female,334 Pine Street,Manchester,England,UK,M1 4AE,(306) 9283797
FAN-1411626,Khloe,Guinan,Chloe.Guinan@mail.com.be,1962-02-15,Male,808  Elm St,Brussels,,Belgium,1000,(105) 8869814
FAN-1447620,Krystoffer,Myall,Christopher_Myall@hotmail.com.uk,2000-04-30,Female,677 Oak Drive,Liverpool,England,UK,L3 5TR,(765) 7972316
FAN-1502535,Kristopher,Gook,Christopher_Gook@yahoo.com.uk,1972-08-30,,5050 Coconut St,London,England,United Kingdom,W1A 1AA,(254) 4338665
FAN-1509417,Christopher,Magee,CMagee41@apple.com.fr,,Male,456  Orange Court,Paris,Ile-de-France,France,75001,(299) 3538840
FAN-1525316,Christophe,Atack,Christopher_Atack@hotmail.com,1967-06-12,Nonbinary,4151 Redwood Avenue,Villageville,CA,United States,54321,(188) 1084030
FAN-1543489,Dan,Dikels,Daniel_Dikels@hotmail.com,2003-10-17,Female,1121 Elm Avenue,Civic,TX,United States,10987,(555) 7530785
FAN-1545374,Dan,Bilbrook,DBilbrook228@yahoo.com,1969-03-05,Male,566  Pine Lane,Metro,NY,United States,10987,(932) 5545246
FAN-1545810,Daniell,Hankey,Daniel_Hankey@aol.com.ar,1996-09-30,,135  Redwood Blvd,Buenos Aires,Capital Federal,Argentina,C1067AAF,
FAN-1570540,Dan,Purbrick,Daniel_Purbrick@hotmail.com.gr,2004-05-17,Male,1717 Blueberry St,Athens,Attica,Greece,105 64,(217) 2229216
FAN-1577132,Lizbeth,Filippov,Elizabeth_Filippov@hotmail.com.mx,1967-03-20,Female,765 Redwood Avenue,Mexico City,Ciudad de Mexico,Mexico,1000,(969) 6170903
FAN-1582928,Elisabeth,Standeven,EStandeven186@gmail.com.ch,,Male,707 Willow Rd,Zurich,,Switzerland,8001,
FAN-1609646,Elisabeth,Shirrell,Elizabeth.Shirrell@mail.com.ca,1966-06-18,Male,987 Pine Road,Vancouver,BC,Canada,V6B 4Y8,(251) 7196186
FAN-1613492,Elizabeth,Vedenyapin,Elizabeth_Vedenyapin@gmail.com.mx,1986-05-09,Male,808 Maple Rd,Mexico City,,Mexico,6010,(540) 5215116
FAN-1654512,Emalee,Cessford,Emily.Cessford@mail.com,,Male,5161 Birch Road,District,NY,United States,23456,(616) 9189539
FAN-1690386,Amelie,Josephi,Emily_Josephi@hotmail.com.es,1969-03-09,,321 Fig Lane,Madrid,Community of Madrid,Spain,28005,(497) 4570129
FAN-1700571,Emily,Vallery,Emily_Vallery@gmail.com.kr,1984-07-13,Male,9101  Pine Court,Seoul,,South Korea,4526,(992) 8650466
FAN-1733338,Amelie,Melladew,EMelladew106@yahoo.com.ca,,Female,235  Elm Lane,Vancouver,BC,Canada,V6B 4Y8,(526) 1747348
FAN-1747986,Emm,Pitson,Emma_Pitson@hotmail.com,1973-03-13,Male,5161 Birch Lane,Countryside,TX,United States,10987,(967) 7300547
FAN-1773000,Ema,Lydden,Emma_Lydden@aol.com.uk,1972-02-17,Female,445 Oak Road,Liverpool,England,UK,L3 5TR,(350) 1940662
FAN-1793957,Ema,Brunsen,Emma_Brunsen@hotmail.com,1976-03-17,Female,819 Cedar Avenue,Quadrant,CA,United States,56789,(770) 5490181
FAN-1794102,Ema,Stritton,Emma_Stritton@hotmail.com,1966-03-28,Male,516 Birch Street,Precinct,TX,United States,23456,(156) 1361277
FAN-1797243,Ethan,Grigolon,EGrigolon128@apple.com.jp,1981-06-01,Male,456 Cedar St,Osaka,,Japan,530-0001,(945) 8328249
FAN-1799995,Athan,Legge,Ethan_Legge@hotmail.com.fr,1961-08-26,Nonbinary,4646  Papaya St,Paris,Ile-de-France,France,75003,(245) 9528510
FAN-1822456,Ethen,Coggan,Ethan_Coggan@hotmail.com.kr,,,718  Willow Drive,Seoul,Seoul,South Korea,3142,(668) 6991676
FAN-1837426,Athan,Faragher,EFaragher32@yahoo.com.pt,1996-04-06,Female,543 Berry Road,Lisbon,Lisbon,Portugal,1100-001,(628) 5653955
FAN-1864252,Grayce,Armit,Grace_Armit@yahoo.com.fr,,,680 Pine Avenue,Lyon,Auvergne-Rhône-Alpes,France,69001,(165) 7349933
FAN-1868430,Grayce,Gentzsch,Grace.Gentzsch@mail.com.pl,1959-02-14,Female,4545  Avocado St,Warsaw,Masovian Voivodeship,Poland,00-001,
FAN-1870592,Grayce,Netherclift,Grace.Netherclift@mail.com.ru,1983-03-04,,890  Cherry Lane,St. Petersburg,Leningrad Oblast,Russia,190000,
FAN-1876301,Gracie,Nerheny,GNerheny47@yahoo.com.at,1998-10-20,,1919  Kiwi St,Vienna,Vienna,Austria,1010,
FAN-1880545,Izabella,Pearce,Isabella_Pearce@yahoo.com.pt,1966-11-25,,678  Peach Street,Lisbon,Lisbon,Portugal,1000-001,(529) 6093353
FAN-1881461,Izabella,Braddick,Isabella_Braddick@yahoo.com,1987-12-04,Female,9101 Pine Court,City Center,NY,United States,23456,
FAN-1888427,Izabella,Sayre,Isabella.Sayre@mail.com.uk,,Nonbinary,789 Pine St,London,,United Kingdom,W1A 1AA,(301) 8406003
FAN-1891941,Isabella,Hoyles,IHoyles136@apple.com.uk,1998-05-07,Nonbinary,202 Elm St,London,,United Kingdom,EC1A 1BB,
FAN-1896032,Jaymes,Busk,JBusk88@gmail.com.es,1980-01-16,Female,4040  Raspberry St,Barcelona,Catalonia,Spain,8001,(313) 4461218
FAN-1902015,Jaims,Dwire,James_Dwire@aol.com.no,1977-09-27,Female,909 Pine Ave,Oslo,,Norway,180,
FAN-1910648,Jaims,Jaye,JJaye77@outlook.com.pt,1984-08-07,Female,123  Main St,Lisbon,Lisbon,Portugal,1000-001,
FAN-1914303,James,Harmes,James_Harmes@gmail.com,1968-06-08,Female,789  Oakwood Avenue,Quadrant,CA,United States,23456,(608) 3982517
FAN-1927587,Josif,Reford,JReford94@yahoo.com.ru,1989-02-11,Female,202  Elm Ln,St. Petersburg,Leningrad Oblast,Russia,190000,(947) 4318513
FAN-1940543,Josif,Yockley,JYockley31@yahoo.com,,Female,654  Birch Lane,Urban,TX,United States,54321,(681) 5584204
FAN-1949136,Josef,Batistelli,JBatistelli81@gmail.com.es,1975-05-13,,2424  Pineapple St,Barcelona,Catalonia,Spain,8001,
FAN-1958740,Josif,Siehard,JSiehard235@yahoo.com.uk,1990-11-12,,246  Birch Court,London,England,United Kingdom,W1F 7ED,(518) 4975270
FAN-1960402,Kathryn,Baitey,KBaitey143@gmail.com.it,,Female,404 Birch Rd,Rome,,Italy,118,
FAN-1960602,Catherine,Gudge,Katherine_Gudge@hotmail.com,1963-06-20,Nonbinary,456 Oak St,Los Angeles,CA,United States,90001,
FAN-1972995,Kathryn,Grubey,Katherine_Grubey@yahoo.com.it,,Male,321  Fig Lane,Milan,Lombardy,Italy,20121,(457) 4555917
FAN-2010151,Katarina,Rosenbaum,KRosenbaum237@yahoo.com,,Nonbinary,321 Birch Drive,Township,CA,United States,23456,(137) 1116683
FAN-2010771,Lillie,Kinchington,Lily.Kinchington@mail.com.hu,,Female,202 Elm Ln,Budapest,,Hungary,1051,
FAN-2011048,Lilly,Camocke,LCamocke190@yahoo.com.fr,1998-12-26,Female,901 Birch Road,Marseille,Provence-Alpes-Côte d'Azur,France,13001,(494) 4908572
FAN-2092843,Lili,Housbey,Lily_Housbey@aol.com,1965-08-11,,505  Cedar Ln,Block,CA,United States,87654,(156) 6653407
FAN-2128618,Lili,Keech,LKeech97@outlook.com.gr,1991-04-19,Male,3434 Papaya St,Athens,Attica,Greece,105 64,(989) 8660074
FAN-2139863,Madisyn,Radnedge,Madison_Radnedge@yahoo.com.br,,Male,3737  Pineapple St,Sao Paulo,Sao Paulo,Brazil,01310-100,(251) 7178162
FAN-2142178,Maddison,Cordeux,Madison_Cordeux@aol.com.ro,1963-05-04,Male,2323 Watermelon St,Bucharest,Bucharest,Romania,50711,(266) 3815019
FAN-2182093,Maddison,Sayles,Madison_Sayles@aol.com,,Male,2525  Coconut St,Anywhere,NY,United States,87654,
FAN-2238347,Madisyn,Whatling,Madison.Whatling@mail.com.de,1958-09-14,,123 Plum Avenue,Munich,Bavaria,Germany,80335,(927) 6236038
FAN-2244761,Mathew,Ellesmere,MEllesmere38@gmail.com.es,1970-12-28,Female,654  Birch Lane,Madrid,Community of Madrid,Spain,28001,(218) 6847656
FAN-2266113,Mathew,Parram,MParram207@gmail.com.de,,Male,791 Oak Lane,Berlin,Berlin,Germany,10115,(287) 7391676
FAN-2267294,Matthieu,Hammell,Matthew_Hammell@aol.com.uk,2008-12-30,,357 Maple Court,Liverpool,England,UK,L3 5TR,
FAN-2285564,Mathew,Cresswell,Matthew_Cresswell@yahoo.com,1989-02-04,Female,2727  Papaya St,Territory,TX,United States,56789,(397) 1914765
FAN-2285853,Michael,Kearn,MKearn41@apple.com,1976-09-26,Female,1616  Raspberry St,Chicago,IL,USA,60601,(593) 3519465
FAN-2306653,Mikael,Spatoni,Michael.Spatoni@mail.com.fr,1973-12-24,Female,890 Cedar Street,Paris,Ile-de-France,France,75001,(467) 1632022
FAN-2319251,Michael,Kellen,Michael_Kellen@gmail.com,1963-03-14,Female,4949  Pineapple St,Division,TX,United States,10987,(635) 1221795
FAN-2373198,Mikael,Atling,Michael_Atling@yahoo.com.fr,1981-01-17,Male,899  Elm Street,Marseille,Provence-Alpes-Côte d'Azur,France,13001,(982) 7296685
FAN-2381532,Alivia,Fominov,OFominov50@outlook.com.mx,1971-05-31,Female,123 Watermelon Street,Mexico City,Ciudad de Mexico,Mexico,6010,
FAN-2385979,Alyvia,Tiffin,Olivia_Tiffin@hotmail.com.nl,1961-04-07,Nonbinary,123  Banana Road,Amsterdam,North Holland,Netherlands,1012 RJ,(283) 9891140
FAN-2390444,Alivia,Collihole,Olivia_Collihole@aol.com.it,,Female,789 Nectarine Way,Milan,Lombardy,Italy,20123,
FAN-2410974,Alivia,Calbert,Olivia_Calbert@hotmail.com.sa,1987-02-01,Male,606 Oak Ln,Riyadh,,Saudi Arabia,11543,(200) 8747309
FAN-2438043,Samuell,Rawlings,Samuel_Rawlings@aol.com.it,,Male,112  Pine Lane,Rome,Lazio,Italy,118,
FAN-2453632,Samuelito,Oxborough,SOxborough98@yahoo.com.cz,1967-03-11,Female,909 Banana St,Prague,Prague,Czech Republic,110 00,(356) 9484182
FAN-2522326,Samuell,Doby,SDoby70@outlook.com.it,2007-02-03,Female,303  Elm St,Milan,Lombardy,Italy,20121,(193) 8677731
FAN-2584299,Samuel,Styant,SStyant67@apple.com.at,1986-11-26,Female,876  Coconut Court,Vienna,,Austria,1010,(825) 7705216
FAN-2585654,Sofiya,Dreus,Sophia_Dreus@hotmail.com.nl,1994-10-20,Female,790 Birch Street,Amsterdam,North Holland,Netherlands,1012 WX,(815) 6689811
FAN-2597100,Sofia,Van Dijk,Sophia.VanDijk@mail.com,1961-10-11,,468 Willow Lane,Everywhere,CA,United States,54321,(643) 4597933
FAN-2602971,Sofiya,Kerridge,Sophia_Kerridge@hotmail.com,1969-07-06,Nonbinary,321  Elm Street,Region,NY,United States,56789,(486) 7305887
FAN-2609599,Soffia,Laverty,SLaverty145@outlook.com.fr,1962-07-07,Female,234  Dragon Fruit Street,Lyon,Auvergne-Rhône-Alpes,France,69001,(569) 5641324
FAN-2662467,Guillermo,Hischke,WHischke100@yahoo.com.mx,2006-05-29,,345  Oak Street,Mexico City,Ciudad de Mexico,Mexico,6010,(685) 6048935
FAN-2677231,Guillermo,Johanchon,William_Johanchon@hotmail.com.de,1962-01-25,Female,456  Oak St,Munich,Bavaria,Germany,80331,
FAN-2697464,Will,Phython,WPhython13@gmail.com,,Female,3141 Cedar Lane,Uptown,CA,United States,56789,
FAN-2697595,Will,Sircomb,William_Sircomb@yahoo.com.nl,,,3232 Kiwi St,Amsterdam,North Holland,Netherlands,1012 RJ,(626) 4130239
FAN-2720996,Abigale,Riccetti,Abigail.Riccetti@mail.com.it,,,3030 Blueberry St,Milan,Lombardy,Italy,20121,(407) 8018716
FAN-2741024,Abigale,Tyas,Abigail.Tyas@mail.com.es,,,876 Coconut Court,Barcelona,Catalonia,Spain,8003,(153) 2999110
FAN-2742716,Abigayle,Annett,Abigail_Annett@hotmail.com.nl,1975-06-05,Female,3939  Mango St,Amsterdam,North Holland,Netherlands,1015 AB,(284) 2933583
FAN-2768906,Abigale,Crabb,ACrabb93@gmail.com.de,1985-07-24,Male,679  Maple Lane,Berlin,Berlin,Germany,10115,
FAN-2792670,Ayden,Christer,Aiden_Christer@hotmail.com.pt,,Male,101 Pine St,Lisbon,Lisbon,Portugal,1000-001,(859) 2476173
FAN-2799224,Adan,Laffling,Aiden_Laffling@hotmail.com.ca,,Male,667 Elm Lane,Montreal,QC,Canada,H2X 1Y6,
FAN-2810948,Adan,Sartin,ASartin158@yahoo.com,1997-10-28,,357  Maple Court,Outskirts,TX,United States,87654,
FAN-2811958,Ayden,Cush,Aiden_Cush@aol.com.dk,1998-12-18,Male,314  Cedar Way,Copenhagen,Capital Region,Denmark,1000,(680) 5747372
FAN-2815399,Aleksander,McGinney,AMcGinney62@gmail.com.de,1964-05-31,Male,3838  Coconut St,Munich,Bavaria,Germany,80331,(423) 4321865
FAN-2873227,Alaxander,Clarycott,AClarycott209@yahoo.com.pl,,Male,789 Birch Ave,Warsaw,,Poland,00-001,(691) 4368923
FAN-2912347,Alexzander,Navan,ANavan133@outlook.com.rs,1992-11-26,Male,912  Pine Drive,Belgrade,Belgrade,Serbia,11000,(982) 7267300
FAN-2934219,Alaxander,Dempsey,Alexander_Dempsey@hotmail.com.es,1983-10-16,Male,011  Oak Drive,Seville,Andalusia,Spain,41001,(100) 1582729
FAN-2959449,Andreas,Ickov,AIckov247@outlook.com,2000-01-18,,135  Cedar Drive,New York,NY,United States,10001,(870) 9383980
FAN-3003222,Andre,Doby,ADoby139@gmail.com,1987-02-27,Female,456  Papaya Place,Civic,TX,United States,10987,(193) 8677731
FAN-3005348,Andrew,Luard,Andrew_Luard@gmail.com.mx,,Female,808 Pine Rd,Mexico City,,Mexico,6010,(311) 3215240
FAN-3007236,Andre,Coton,Andrew.Coton@mail.com,1988-05-23,,543  Poplar Drive,Borough,NY,United States,43210,(924) 7928398
FAN-3014429,Bennjamin,Douris,BDouris185@yahoo.com,1985-10-17,Male,707  Pine Ave,Someplace,NY,United States,10987,(244) 6636937
FAN-3033395,Benjamen,Badham,Benjamin_Badham@yahoo.com.de,1995-10-18,Nonbinary,101 Pine Rd,Berlin,,Germany,10178,(693) 1460665
FAN-3046129,Bennjamin,Sherrocks,Benjamin_Sherrocks@hotmail.com,1962-07-08,Male,357 Aspen Way,Someplace,NY,United States,10987,(871) 5421207
FAN-3076198,Benjamen,Wellsman,Benjamin_Wellsman@yahoo.com,1999-07-27,,3141 Cedar Boulevard,Hamlet,NY,United States,87654,
FAN-3084374,Khloe,Beacham,CBeacham233@gmail.com.ca,1960-07-05,Male,233 Elm Road,Montreal,QC,Canada,H2X 1Y6,
FAN-3098704,Khloe,Vest,Chloe.Vest@mail.com.dk,1990-11-13,Female,123 Oak Rd,Copenhagen,,Denmark,1000,(491) 8448562
FAN-3100350,Khloe,Eagland,Chloe_Eagland@yahoo.com,1965-08-15,Female,346  Pine Court,Chicago,IL,USA,60601,(835) 2576970
FAN-3101105,Chloe,Cloake,CCloake135@apple.com.es,,,1919 Kiwi St,Barcelona,Catalonia,Spain,8001,(932) 8926913
FAN-3152141,Krystoffer,Buddleigh,CBuddleigh116@yahoo.com.es,1979-09-12,Male,456 Elm Road,Barcelona,Catalonia,Spain,8001,
FAN-3187507,Kristopher,Screaton,CScreaton245@gmail.com,,Female,1234 Pine Avenue,Locale,CA,United States,10987,(414) 6068537
FAN-3210151,Kristopher,Gartell,Christopher_Gartell@yahoo.com.uk,1982-11-15,,123  Main St,London,England,UK,W1A 1AA,(119) 5578188
FAN-3248800,Christophe,Eschelle,Christopher_Eschelle@aol.com.co,2009-10-04,Female,567  Starfruit Avenue,Bogotá,,Colombia,110321,(815) 3542494
FAN-3312849,Danial,Breeton,Daniel_Breeton@yahoo.com.uk,2007-09-26,Male,987  Willow Circle,Manchester,England,UK,M1 4AE,(956) 2220953
FAN-3347106,Daniel,Morphet,Daniel_Morphet@gmail.com.be,1963-04-09,Male,321  Pomegranate Lane,Brussels,Brussels,Belgium,1000,(765) 9535701
FAN-3383275,Danial,Le Strange,DLeStrange152@gmail.com.nl,,Nonbinary,415  Willow Avenue,Amsterdam,North Holland,Netherlands,1012 WX,(718) 2144499
FAN-3386074,Danial,Vidler,Daniel.Vidler@mail.com,,Male,2929  Strawberry St,Los Angeles,CA,USA,90001,
FAN-3419281,Elizabeth,Tivnan,ETivnan41@apple.com.se,2007-10-12,Male,808 Elm St,Stockholm,,Sweden,11120,(743) 8609319
FAN-3421186,Elisabeth,Collecott,ECollecott218@gmail.com.uk,1970-07-31,Female,789 Maple Drive,London,England,United Kingdom,W1A 1AA,(153) 6068378
FAN-3433993,Lizbeth,Haville,EHaville150@yahoo.com.hu,1968-08-21,Male,4343  Blackberry St,Budapest,,Hungary,1051,
FAN-3435455,Elizabeth,Casham,Elizabeth_Casham@gmail.com.kw,1970-08-10,Male,4141  Strawberry St,Kuwait City,,Kuwait,13001,(277) 7506543
FAN-3447873,Amelie,Jereatt,Emily_Jereatt@hotmail.com,1976-03-27,Female,987  Pine Road,Enclave,NY,United States,10987,(125) 8425214
FAN-3453369,Emily,Filippov,EFilippov34@apple.com.ca,1978-07-01,,122 Cedar Lane,Toronto,ON,Canada,M5H 2N2,(770) 2312860
FAN-3454038,Amelie,Perford,EPerford237@yahoo.com,1966-03-27,Male,334  Pine Street,Metropolis,CA,United States,10987,
FAN-3480833,Emmaleigh,Skipp,Emily_Skipp@aol.com,1983-04-29,Male,9201 Maple Avenue,Quadrant,CA,United States,23456,(683) 9620602
FAN-3503668,Emmah,Lorie,ELorie158@gmail.com,1989-06-25,Nonbinary,123  Willow Ave,City Center,NY,United States,23456,
FAN-3535469,Ema,Aslum,Emma_Aslum@hotmail.com.kr,,,1121  Elm Avenue,Seoul,Seoul,South Korea,4347,
FAN-3540412,Emmah,O'Roan,Emma_O'Roan@yahoo.com,,Female,456  Oak Avenue,Neighborhood,TX,United States,87654,(745) 2719959
FAN-3546849,Ema,Fretwell,Emma_Fretwell@aol.com.fr,,Male,3131  Blackberry St,Paris,Île-de-France,France,75001,
FAN-3556696,Ethen,McGarrie,EMcGarrie55@outlook.com.fr,1999-04-21,,123  Cedar Avenue,Paris,Ile-de-France,France,75001,(329) 9793519
FAN-3563123,Eitan,Smalley,ESmalley109@gmail.com,2005-07-16,Male,516 Oak Drive,Division,CA,United States,87654,(550) 8735231
FAN-3566269,Ethan,Hobbert,EHobbert143@apple.com,,Female,3141  Cedar Boulevard,Province,CA,United States,10987,
FAN-3574508,Ethen,Bothe,EBothe160@outlook.com.au,,Male,202  Cedar St,Sydney,New South Wales,Australia,2000,
FAN-3587425,Grace,Roddell,Grace_Roddell@gmail.com.pt,,Male,123 Cedar Avenue,Lisbon,Lisbon,Portugal,1000-001,(968) 4051688
FAN-3627891,Greys,Bailess,GBailess2@outlook.com.es,1976-01-25,Male,568  Cedar Drive,Madrid,Community of Madrid,Spain,28005,
FAN-3651555,Grayce,Harbertson,Grace_Harbertson@yahoo.com.dk,1996-07-03,Female,789 Grape Way,Copenhagen,Capital Region,Denmark,1000,(688) 4064696
FAN-3652969,Gracie,Mabee,Grace_Mabee@hotmail.com.it,1998-06-12,Male,5161  Birch Road,Rome,,Italy,118,
FAN-3671488,Ysabella,Scintsbury,IScintsbury156@yahoo.com.de,1984-08-17,Female,678 Pine Drive,Munich,Bavaria,Germany,80331,(691) 3841585
FAN-3708832,Ysabella,Bedson,Isabella_Bedson@hotmail.com.hu,,Male,3535 Pomegranate St,Budapest,Budapest,Hungary,1051,(758) 6250474
FAN-3738861,Isabela,Wenzel,Isabella_Wenzel@aol.com,1976-03-13,Female,1234 Oak Street,Cityville,TX,United States,98765,(720) 6116345
FAN-3749804,Isabela,Brotherwood,Isabella_Brotherwood@hotmail.com,2000-01-27,Male,505  Walnut St,Nowheresville,TX,United States,23456,(260) 6973857
FAN-3752631,Jaymes,Allitt,James.Allitt@mail.com,,Male,468  Willow Lane,Quadrant,CA,United States,56789,(953) 5071129
FAN-3768183,Jaymes,Excell,James.Excell@mail.com.fr,1971-04-22,Female,543  Berry Road,Paris,,France,75001,(438) 6395374
FAN-3793988,Jaims,Drinkale,JDrinkale49@outlook.com.es,1978-01-06,,890 Raspberry Lane,Barcelona,Catalonia,Spain,8002,
FAN-3803300,Jaims,Pearl,James_Pearl@hotmail.com.pt,1987-01-21,Male,456 Orange Court,Lisbon,Lisbon,Portugal,1200-001,
FAN-3821647,Jozef,Shreeve,JShreeve217@outlook.com.pt,2008-05-28,,543  Cherry Blossom Drive,Lisbon,,Portugal,1100-150,(463) 9953438
FAN-3848921,Joseph,Mobbs,JMobbs4@apple.com,1963-11-27,Male,654 Pine Road,Nowheresville,TX,United States,23456,(656) 5869354
FAN-3858351,Josef,Robottom,Joseph.Robottom@mail.com.pt,1976-03-15,,234 Birch Lane,Porto,Porto,Portugal,4050-481,(604) 5341979
FAN-3884983,Josef,Garter,Joseph_Garter@yahoo.com.nl,1988-03-08,Female,123  Oak Rd,Rotterdam,South Holland,Netherlands,3012 BN,(339) 1607370
FAN-3902228,Catherine,Perryn,KPerryn36@outlook.com.nl,1977-08-18,,654 Guava Road,Amsterdam,North Holland,Netherlands,1015 AB,(565) 5767284
FAN-3943223,Kathryn,Asbury,KAsbury186@gmail.com.rs,1999-10-16,Nonbinary,2121 Papaya St,Belgrade,Belgrade,Serbia,11000,
FAN-3949120,Katherine,Ketteridge,Katherine_Ketteridge@gmail.com.fr,1967-08-21,Male,901  Birch Road,Marseille,Provence-Alpes-Côte d'Azur,France,13001,
FAN-3954535,Catherine,Stopforth,KStopforth172@outlook.com.nl,1999-09-18,Female,2121  Papaya St,Utrecht,Utrecht,Netherlands,3511 WB,(466) 1945630
FAN-3959601,Lili,Iacovides,Lily_Iacovides@hotmail.com.ru,1972-08-08,Male,234 Dragon Fruit Street,Moscow,Moscow,Russia,101000,
FAN-3961981,Lillie,Coton,Lily_Coton@yahoo.com.pl,1961-06-05,,4444 Kiwi St,Warsaw,Masovian Voivodeship,Poland,00-001,
FAN-3982094,Lily,Feveryear,LFeveryear181@apple.com.ch,1981-02-03,Female,303  Birch St,Zurich,Zurich,Switzerland,8001,(186) 3915241
FAN-3984236,Lilly,O'Reilly,LO'Reilly246@yahoo.com,2010-01-19,Male,456  Cedar St,Locale,TX,United States,23456,(529) 8043043
FAN-3991804,Madyson,Huntley,Madison_Huntley@hotmail.com,1964-02-01,,246 Birch Court,Nowhereville,TX,United States,56789,(121) 6172647
FAN-3992782,Madyson,Knappitt,MKnappitt78@yahoo.com.it,1981-03-25,,679 Maple Lane,Turin,Piedmont,Italy,10121,(134) 9507331
FAN-4006863,Madisyn,Cast,Madison_Cast@yahoo.com.at,1988-12-17,Female,808 Mango St,Vienna,Vienna,Austria,1010,
FAN-4039618,Maddison,Ridler,Madison_Ridler@hotmail.com.at,2007-02-16,,4040 Raspberry St,Vienna,Vienna,Austria,1010,(981) 9439506
FAN-4052700,Matthew,Balloch,MBalloch15@apple.com.jp,1984-11-19,,8191  Oak Court,Osaka,,Japan,530-0001,(941) 4651649
FAN-4064652,Matthieu,Bradwell,MBradwell108@outlook.com.ru,1957-06-10,,680  Pine Avenue,Moscow,,Russia,101000,(649) 7721686
FAN-4071192,Matthew,Melland,MMelland159@apple.com.ru,,Male,789 Cedar Rd,Moscow,,Russia,101000,(412) 8503264
FAN-4106602,Mateo,Beat,MBeat91@yahoo.com,1996-11-20,,2222  Pomegranate St,Precinct,NY,United States,10987,
FAN-4114651,Mikael,Isherwood,Michael_Isherwood@yahoo.com,1994-04-19,Male,910 Elm Way,Block,NY,United States,87654,
FAN-4178110,Michal,Widdison,Michael_Widdison@aol.com.fr,,Male,789 Maple Ln,Paris,,France,75001,(523) 2103042
FAN-4249771,Mikel,Walter,MWalter31@yahoo.com.cz,1966-05-26,Male,404  Pine Ave,Prague,,Czech Republic,110 00,
FAN-4256097,Mikel,Robottom,MRobottom22@yahoo.com.es,,Male,789  Oak Street,Seville,Andalusia,Spain,41001,
FAN-4260800,Olyvia,Zuker,Olivia.Zuker@mail.com.kr,,Female,1234  Oak Street,Seoul,Seoul,South Korea,4534,(147) 1318802
FAN-4271837,Olyvia,Haggarth,Olivia.Haggarth@mail.com.pl,1985-12-21,Female,3434  Papaya St,Warsaw,Masovian Voivodeship,Poland,00-001,(873) 5891758
FAN-4288380,Alyvia,Cardoo,Olivia_Cardoo@hotmail.com.es,1987-10-13,Female,654 Lime Lane,Madrid,Community of Madrid,Spain,28046,(516) 9955165
FAN-4366191,Olyvia,Mustoo,Olivia.Mustoo@mail.com,,Female,789 Elm Lane,Cityscape,NY,United States,87654,
FAN-4417821,Sam,Trowell,Samuel_Trowell@yahoo.com,,Male,314 Aspen Street,Quadrant,TX,United States,10987,
FAN-4443492,Samuel,Luety,Samuel_Luety@gmail.com.es,1968-04-13,,808  Mango St,Barcelona,Catalonia,Spain,8001,(847) 9829828
FAN-4473215,Sam,Dumbrall,Samuel.Dumbrall@mail.com,1972-08-31,Male,404  Willow Rd,District,CA,United States,87654,(653) 9848252
FAN-4487222,Sam,Moppett,Samuel_Moppett@yahoo.com.es,1972-10-08,Female,210  Pineapple Express,Madrid,,Spain,28001,
FAN-4493681,Soffia,Beszant,SBeszant154@outlook.com,2006-12-04,Male,123 Main Street,New York,NY,USA,10001,(424) 8172085
FAN-4502391,Sofia,Presidey,Sophia.Presidey@mail.com,1987-04-02,,789 Oak Street,Chicago,IL,USA,60601,(467) 5381165
FAN-4507538,Sophia,Fooks,SFooks76@apple.com.se,1973-02-27,,987 Apple Street,Stockholm,Stockholm,Sweden,11120,(280) 5856762
FAN-4546736,Soffia,Douris,Sophia_Douris@hotmail.com.ar,,,707 Pine Ave,Buenos Aires,,Argentina,C1002ABC,(244) 6636937
FAN-4585835,Will,Jones,WJones32@gmail.com.kw,1983-06-15,Female,707 Maple St,Kuwait City,,Kuwait,13001,(253) 2463197
FAN-4609141,Guillermo,Gabitis,William_Gabitis@hotmail.com.se,1972-01-02,,3535  Pomegranate St,Stockholm,Stockholm,Sweden,11120,(483) 3473414
FAN-4621006,Willem,Gynni,WGynni70@outlook.com.ca,1980-09-27,Female,556 Cedar Avenue,Toronto,ON,Canada,M5H 2N2,(956) 4834035
FAN-4624515,William,Dewick,William_Dewick@gmail.com,,Female,718 Pine Boulevard,Precinct,NY,United States,10987,(416) 7049843
FAN-4631058,Abigale,Goodley,AGoodley20@gmail.com.pt,1973-05-13,Male,987 Passionfruit Drive,Lisbon,Lisbon,Portugal,1600-001,(710) 6354081
FAN-4648879,Abbigail,Cinnamond,Abigail_Cinnamond@hotmail.com.pt,1985-11-30,,788  Cedar Road,Lisbon,Lisbon,Portugal,1200-001,
FAN-4653087,Abigayle,Tourry,ATourry8@outlook.com.fi,2000-05-18,Female,718  Pine Boulevard,Helsinki,Uusimaa,Finland,100,
FAN-4694466,Abigail,Jouandet,Abigail_Jouandet@gmail.com.uk,,,246 Oakwood Lane,Manchester,England,UK,M1 4AE,(122) 6276272
FAN-4748204,Ayden,Ox,Aiden_Ox@aol.com.de,1997-07-14,,456  Cedar Road,Berlin,Berlin,Germany,10115,(935) 8403090
FAN-4760490,Ayden,Gritskov,Aiden_Gritskov@aol.com.be,,,4747 Pomegranate St,Brussels,Brussels,Belgium,1000,(685) 5503178
FAN-4774750,Aidan,Sparsholt,Aiden.Sparsholt@mail.com.it,1968-12-22,Female,210 Pineapple Express,Milan,Lombardy,Italy,20121,(666) 7031390
FAN-4786451,Adan,Guinan,AGuinan199@yahoo.com.ae,1997-11-14,Male,606  Cedar St,Dubai,,United Arab Emirates,12345,(419) 5479448
FAN-4794615,Alexzander,Attwoull,Alexander_Attwoull@aol.com.fr,1984-05-05,,123  Plum Avenue,Lyon,Auvergne-Rhône-Alpes,France,69001,(739) 1202240
FAN-4812257,Aleksander,Ivashkov,Alexander_Ivashkov@yahoo.com.se,1956-06-23,Male,1313 Lemon St,Stockholm,Stockholm,Sweden,11120,
FAN-4816003,Alaxander,Juckes,Alexander_Juckes@hotmail.com,1969-07-26,Male,314 Cedar Way,Sector,NY,United States,56789,(750) 9509090
FAN-4821689,Alaxander,Dinsdale,ADinsdale50@yahoo.com.nl,1976-01-04,Male,920  Elm Road,Amsterdam,,Netherlands,1012 JS,
FAN-4846480,Andre,Cullingford,Andrew_Cullingford@yahoo.com.ca,1962-05-14,Female,101  Pine Rd,Toronto,ON,Canada,M5H 2N2,
FAN-4856255,Andreas,Brodley,Andrew_Brodley@aol.com.at,1960-06-28,Male,3333  Avocado St,Vienna,Vienna,Austria,1010,(404) 3121043
FAN-4876744,Andrey,Silversmid,ASilversmid189@yahoo.com,1969-09-01,Female,516  Birch Street,Hometown,TX,United States,23456,(696) 6553311
FAN-4899454,Andrey,Acey,AAcey122@yahoo.com.uk,1964-09-17,,123  Pine Avenue,Manchester,England,UK,M1 4AE,(877) 7896343
FAN-4912460,Benjamen,Searby,Benjamin_Searby@yahoo.com.ru,,Female,234  Cedar Court,Moscow,Moscow,Russia,101000,
FAN-4931307,Benjamin,Chiechio,BChiechio112@apple.com.be,1958-03-23,Male,606 Cedar Ave,Brussels,,Belgium,1000,(891) 6482676
FAN-4935652,Bennjamin,Turland,Benjamin_Turland@hotmail.com.kr,1980-11-30,Female,123 Willow Ave,Seoul,,South Korea,4526,(929) 2985615
FAN-4945909,Benjamin,Boriston,BBoriston46@apple.com.uk,1994-10-23,Male,765  Redwood Avenue,Manchester,England,UK,M1 4AE,(168) 9978101
FAN-4961949,Khloe,Borrill,Chloe.Borrill@mail.com.dk,1996-09-05,Male,765  Blackberry Way,Copenhagen,Capital Region,Denmark,1000,(941) 5951424
FAN-4979379,Cloe,Devita,CDevita18@outlook.com.es,1965-06-18,Female,303 Elm St,Madrid,,Spain,28001,(486) 9434533
FAN-5011491,Cloe,Collingridge,Chloe_Collingridge@aol.com.es,2000-10-20,Female,233  Elm Road,Madrid,Community of Madrid,Spain,28046,(806) 1677856
FAN-5012641,Cleo,Walch,CWalch98@yahoo.com.ca,2000-08-03,Male,432  Mango Way,Montreal,QC,Canada,H2X 1Y6,(194) 8430734
FAN-5021721,Christophe,Extil,CExtil126@outlook.com,2007-06-30,Nonbinary,789  Kiwi Avenue,Nowhereville,TX,United States,56789,
FAN-5044681,Christopher,Nisby,Christopher_Nisby@gmail.com.pt,1982-03-14,,404 Birch St,Lisbon,,Portugal,1100-150,(465) 1250527
FAN-5092760,Christopher,Pellitt,Christopher_Pellitt@gmail.com,1994-12-28,Female,5678 Cedar Road,Sector,TX,United States,56789,(974) 1291081
FAN-5094783,Christophe,Warland,Christopher_Warland@aol.com.kr,1957-12-02,Male,909 Oak Ln,Seoul,,South Korea,4526,
FAN-5102264,Danial,Houseago,Daniel.Houseago@mail.com.es,1977-04-16,,505  Maple Ln,Barcelona,Catalonia,Spain,8003,
FAN-5108571,Dan,Oyley,Daniel_Oyley@hotmail.com.hu,1970-01-11,Nonbinary,987  Apple Street,Budapest,Budapest,Hungary,1051,(188) 5949572
FAN-5108806,Daniel,Boldero,Daniel_Boldero@gmail.com.jp,1991-05-04,Male,876 Cranberry Avenue,Osaka,Osaka,Japan,540-0002,(567) 2383625
FAN-5135309,Daniell,Discombe,Daniel_Discombe@aol.com.de,2006-12-10,Nonbinary,890 Lychee Lane,Berlin,Berlin,Germany,10115,(787) 3320439
FAN-5177054,Elizabeth,Smees,Elizabeth_Smees@gmail.com.pt,,Male,101  Maple Ave,Lisbon,Lisbon,Portugal,1000-001,(766) 5984231
FAN-5194773,Elizabith,Esposita,Elizabeth_Esposita@hotmail.com.es,1982-04-26,Male,876  Fir Boulevard,Madrid,Community of Madrid,Spain,28001,(516) 2520835
FAN-5213371,Elizabith,Percival,EPercival246@outlook.com,,,819 Oak Lane,Neighborhood,TX,United States,87654,(174) 9963966
FAN-5241210,Lizbeth,Loffel,ELoffel173@yahoo.com,1965-07-24,Male,321 Elm Street,Everyville,CA,United States,98765,(357) 7597543
FAN-5296137,Emmaleigh,Hendin,Emily_Hendin@hotmail.com,1994-12-16,,1234 Oak Place,Downtown,CA,United States,54321,(729) 1569585
FAN-5337461,Emily,Buxton,EBuxton1@apple.com,2007-09-08,Male,456 Elm Street,Los Angeles,CA,USA,90001,(258) 8498474
FAN-5338519,Emalee,Geraudel,Emily_Geraudel@yahoo.com,,Male,617 Aspen Road,Enclave,NY,United States,10987,(441) 4756626
FAN-5346857,Emalee,Gisburn,Emily_Gisburn@yahoo.com.fi,1956-09-19,,1121  Birch Lane,Helsinki,,Finland,100,
FAN-5380231,Emmah,Sheers,Emma.Sheers@mail.com,1991-12-27,Female,457  Oakwood Avenue,Countryside,TX,United States,10987,(226) 2772504
FAN-5404908,Emma,Lefwich,ELefwich22@apple.com.uk,,,654  Pine Road,London,England,United Kingdom,W1A 1AA,(666) 5950648
FAN-5424532,Ema,Hannabus,Emma_Hannabus@hotmail.com,1968-11-26,Female,456  Maple St,Precinct,CA,United States,23456,
FAN-5429490,Emmah,Arrington,Emma.Arrington@mail.com,2003-10-22,Male,456  Oak St,Townsville,NY,United States,12345,(193) 5340006
FAN-5452841,Athan,Vautier,Ethan_Vautier@hotmail.com.nl,,,912 Pine Drive,Utrecht,Utrecht,Netherlands,3511 WB,(717) 1214735
FAN-5475271,Eitan,Treske,Ethan.Treske@mail.com,1978-06-18,Male,8191 Oak Boulevard,Zone,NY,United States,87654,(961) 1265183
FAN-5518568,Eitan,Tireman,Ethan_Tireman@yahoo.com.ae,1963-01-26,Female,808 Birch Ave,Dubai,,United Arab Emirates,12345,
FAN-5532874,Ethen,Phinn,Ethan_Phinn@hotmail.com.uk,2002-10-09,Female,889  Maple Street,London,,United Kingdom,W1A 1AA,(799) 7396488
FAN-5549789,Gracie,Stucke,Grace_Stucke@hotmail.com.ru,1998-12-06,Male,112  Elm Lane,Moscow,Moscow,Russia,101000,(172) 4081334
FAN-5577886,Gracie,McPolin,Grace_McPolin@hotmail.com.es,,Female,123  Watermelon Street,Madrid,Community of Madrid,Spain,28001,(153) 2686905
FAN-5580824,Greys,Geane,GGeane66@outlook.com.ru,1962-11-17,Male,876 Fir Boulevard,Moscow,Moscow,Russia,101000,(311) 4609825
FAN-5582393,Grayce,Keers,Grace.Keers@mail.com,1994-11-11,Male,135 Redwood Blvd,Somewhereton,CA,United States,43210,
FAN-5616515,Izabella,Gilchrist,Isabella_Gilchrist@yahoo.com.fr,1984-10-08,Female,404  Birch St,Paris,Ile-de-France,France,75002,(531) 4448084
FAN-5630273,Izabella,Nazareth,Isabella.Nazareth@mail.com.ca,2008-08-03,Nonbinary,791  Oak Lane,Toronto,ON,Canada,M5H 2N2,(591) 2029574
FAN-5641799,Ysabella,Andreu,Isabella_Andreu@hotmail.com,1960-02-24,Female,819  Oak Lane,Los Angeles,CA,United States,90001,(261) 4366113
FAN-5646890,Izabella,Ruselin,IRuselin126@gmail.com,1978-12-04,Female,920 Elm Road,Zone,TX,United States,87654,(692) 6850377
FAN-5682181,Jaims,Bedham,James_Bedham@aol.com.be,1970-01-27,Female,5678  Maple Street,Brussels,Brussels,Belgium,1000,(273) 7794240
FAN-5684079,Jaims,Batter,JBatter41@outlook.com.br,1972-01-05,Female,808  Birch Ave,Rio de Janeiro,,Brazil,20040-002,(798) 5248792
FAN-5698447,Jaymz,Billison,James_Billison@hotmail.com.hr,2010-03-31,,2525 Coconut St,Zagreb,Zagreb,Croatia,10000,
FAN-5711714,Jaymes,Sharrock,James_Sharrock@yahoo.com.es,1963-02-21,,778  Birch Road,Barcelona,Catalonia,Spain,8001,(333) 4193263
FAN-5716145,Josef,Pybworth,Joseph.Pybworth@mail.com.br,1977-09-19,,765 Blackberry Way,Sao Paulo,Sao Paulo,Brazil,01310-100,(316) 8686105
FAN-5719268,Jozef,Huke,Joseph_Huke@hotmail.com.pt,1969-06-26,Female,890  Cedar Street,Lisbon,Lisbon,Portugal,1500-001,(674) 9556343
FAN-5725845,Josef,Crisell,Joseph.Crisell@mail.com.it,1973-08-28,Female,7181  Willow Street,Rome,,Italy,153,(709) 3748435
FAN-5733546,Josif,Dillet,JDillet11@yahoo.com.uk,,Female,505 Walnut St,London,England,United Kingdom,W1A 1AA,
FAN-5794849,Kathryn,Fawlks,KFawlks27@gmail.com.nl,1996-03-29,Male,432 Sycamore Street,Amsterdam,North Holland,Netherlands,1012 AB,(492) 3273399
FAN-5842090,Katarina,Vasilov,Katherine_Vasilov@hotmail.com,1992-09-20,Male,123 Main Street,New York,NY,United States,10001,
FAN-5846137,Kathryn,Turmell,Katherine_Turmell@yahoo.com.de,1961-07-13,Male,567 Blueberry Road,Munich,Bavaria,Germany,80331,
FAN-5857056,Katarina,Platfoot,Katherine_Platfoot@hotmail.com.de,1986-05-29,,900  Pine Road,Munich,Bavaria,Germany,80331,(473) 3539157
FAN-5891463,Lili,Honniebal,Lily_Honniebal@hotmail.com.es,1993-07-22,Male,3333 Avocado St,Barcelona,Catalonia,Spain,8001,(902) 8476304
FAN-5965623,Lily,Corbally,Lily_Corbally@gmail.com.jp,1964-12-11,Female,543 Poplar Drive,Tokyo,Tokyo,Japan,100-0001,
FAN-5974286,Lili,Fullerton,Lily_Fullerton@aol.com,1967-12-01,Female,223  Maple Drive,New York,NY,United States,10001,(737) 5972879
FAN-5994508,Lili,Isack,Lily_Isack@aol.com.gr,,Female,789  Birch Ave,Athens,Attica,Greece,105 64,(822) 1977253
FAN-6026267,Madisyn,Ridhole,MRidhole243@gmail.com.br,1964-10-28,Female,987 Pine Road,Rio de Janeiro,Rio de Janeiro,Brazil,20000-001,
FAN-6038732,Madisyn,Leithgoe,Madison_Leithgoe@yahoo.com.es,2006-07-14,Male,1616 Raspberry St,Seville,Andalusia,Spain,41001,(560) 4791042
FAN-6069281,Maddison,Organer,MOrganer116@outlook.com.br,1983-04-07,,606 Birch St,Rio de Janeiro,,Brazil,20040-002,
FAN-6081319,Madisyn,Dolley,MDolley128@gmail.com.ch,2008-12-30,Male,432  Sycamore Street,Zurich,,Switzerland,8001,(352) 2198585
FAN-6120777,Mathew,Acres,MAcres109@gmail.com.fi,1960-12-24,Female,456 Maple St,Helsinki,,Finland,100,(586) 6161600
FAN-6159792,Matthieu,Amberson,MAmberson69@outlook.com.it,1979-09-10,,404 Willow Rd,Rome,,Italy,153,(634) 8565359
FAN-6175585,Mathew,Geaves,MGeaves22@gmail.com.pt,2009-09-03,,321  Elm Street,Lisbon,Lisbon,Portugal,1000-001,
FAN-6181985,Mathew,Klesse,Matthew_Klesse@yahoo.com,,,456 Oak Avenue,Los Angeles,CA,United States,90001,(747) 5591028
FAN-6192922,Mikael,Noller,Michael_Noller@yahoo.com.at,,,4848  Watermelon St,Vienna,Vienna,Austria,1010,
FAN-6213345,Michal,Chiechio,Michael_Chiechio@hotmail.com.dk,1995-01-13,,3737 Pineapple St,Copenhagen,Capital Region,Denmark,1000,(130) 4906745
FAN-6217413,Michal,Robley,MRobley229@outlook.com,1965-01-14,Male,202  Elm St,New York,NY,USA,10001,(480) 1076437
FAN-6217465,Mikel,Ridder,Michael_Ridder@hotmail.com,1993-02-11,Nonbinary,9201 Maple Way,Region,NY,United States,56789,(644) 1778617
FAN-6246845,Alyvia,Wardhaw,Olivia_Wardhaw@hotmail.com.dk,1957-01-23,Female,707 Pineapple St,Copenhagen,Capital Region,Denmark,1000,
FAN-6274921,Alivia,A'Barrow,OA'Barrow103@outlook.com.fr,1992-12-28,Female,543 Cherry Blossom Drive,Paris,Ile-de-France,France,75002,(266) 6503831
FAN-6285208,Alivia,Jones,Olivia_Jones@aol.com.fr,1993-06-15,Female,1818 Blackberry St,Lyon,Auvergne-Rhône-Alpes,France,69001,(253) 2463197
FAN-6312582,Alyvia,Bodega,Olivia_Bodega@hotmail.com.de,1966-03-04,,202 Cedar Ln,Berlin,,Germany,10115,(405) 5853389
FAN-6313568,Samuelito,Georgeon,SGeorgeon144@yahoo.com.fr,,,234  Avocado Drive,Paris,Ile-de-France,France,75001,(669) 9857655
FAN-6320785,Samuelito,Atton,Samuel_Atton@hotmail.com,1977-10-09,Female,789  Grape Way,Sector,TX,United States,56789,
FAN-6322324,Samuell,Hulett,Samuel_Hulett@aol.com.cz,1959-06-03,Female,2828  Raspberry St,Prague,Prague,Czech Republic,110 00,(378) 5691085
FAN-6326306,Sam,Ticehurst,Samuel.Ticehurst@mail.com.ca,1960-03-09,Male,654 Birch Lane,Montreal,QC,Canada,H2X 1Y6,
FAN-6401003,Soffia,Sobtka,SSobtka10@outlook.com.fr,2000-10-05,Male,567  Blueberry Road,Lyon,Auvergne-Rhône-Alpes,France,69001,(149) 4240292
FAN-6403070,Sofia,Haws,SHaws133@gmail.com.uk,,,123  Main Street,London,England,UK,W1A 1AA,(440) 1967606
FAN-6429699,Sofia,Forkan,Sophia.Forkan@mail.com.br,2009-01-06,Female,606 Cedar St,Rio de Janeiro,,Brazil,20040-002,
FAN-6443902,Soffia,Flockhart,Sophia_Flockhart@hotmail.com,1960-02-27,Nonbinary,5050  Coconut St,Nowhere,NY,United States,54321,
FAN-6446029,Guillermo,Geekie,WGeekie214@yahoo.com.de,,,456  Elm Street,Munich,Bavaria,Germany,80331,(568) 2797064
FAN-6452215,Will,McKaile,William.McKaile@mail.com.hu,1970-06-30,Female,1313  Lemon St,Budapest,Budapest,Hungary,1051,(985) 3289767
FAN-6556632,Willem,Trevena,William_Trevena@aol.com,1973-12-25,,303  Pine Rd,Zone,TX,United States,87654,(928) 1851130
FAN-6556996,Will,Zelley,William.Zelley@mail.com.kr,1993-10-27,Male,456 Papaya Place,Seoul,Seoul,South Korea,4347,(326) 1576357
FAN-6563416,Abigayle,Airton,Abigail_Airton@hotmail.com.fr,,Female,899 Elm Street,Marseille,Provence-Alpes-Côte d'Azur,France,13001,
FAN-6588568,Abigail,Mills,Abigail_Mills@gmail.com.jp,2002-09-09,Female,789  Maple Drive,Osaka,Osaka,Japan,540-0002,
FAN-6609153,Abigayle,Bengoechea,Abigail_Bengoechea@hotmail.com,,,303  Willow St,Villageville,CA,United States,54321,
FAN-6610302,Abigale,Thoresbie,AThoresbie11@gmail.com.it,1993-01-19,,890  Lychee Lane,Turin,Piedmont,Italy,10121,(259) 7387043
FAN-6611727,Ayden,Reisenstein,Aiden_Reisenstein@hotmail.com.jp,1960-12-06,Male,415  Elm Court,Tokyo,,Japan,100-0001,
FAN-6612908,Aiden,Baumert,Aiden_Baumert@gmail.com.dk,1981-09-20,Male,801  Elm Road,Copenhagen,,Denmark,1000,(998) 1990187
FAN-6619778,Adan,Penwarden,APenwarden94@yahoo.com.de,1999-03-22,,456 Oak St,Berlin,Berlin,Germany,10115,(159) 5209015
FAN-6632248,Aidan,Gonsalo,Aiden.Gonsalo@mail.com.es,1961-07-21,,789  Nectarine Way,Madrid,Madrid,Spain,28001,
FAN-6641977,Alexzander,Harbert,Alexander_Harbert@aol.com,1986-02-18,,505  Willow Ln,Block,NY,United States,87654,(412) 1643804
FAN-6663233,Aleksander,Sextie,Alexander_Sextie@yahoo.com.es,1973-08-28,Female,234 Cedar Court,Madrid,Community of Madrid,Spain,28001,(498) 7338743
FAN-6692229,Aleksander,Isaq,Alexander.Isaq@mail.com.uk,1959-01-11,,909  Elm Ln,London,England,UK,W1A 1AA,
FAN-6710162,Alaxander,Lokier,ALokier23@yahoo.com.es,,,346 Pine Court,Seville,Andalusia,Spain,41001,(966) 4945865
FAN-6710556,Andreas,Townsend,Andrew_Townsend@hotmail.com.sg,1960-06-26,Male,456  Maple Ave,Singapore,,Singapore,179805,(827) 6762732
FAN-6712707,Andre,McVicker,Andrew_McVicker@yahoo.com.cz,1981-12-09,Female,101 Cedar Rd,Prague,,Czech Republic,110 00,(217) 5374811
FAN-6719098,Andrey,Alekseicik,Andrew_Alekseicik@hotmail.com.ca,1983-12-30,Male,456  Elm Road,Vancouver,BC,Canada,V6B 4Y8,(941) 8419940
FAN-6773409,Andrey,Hitter,Andrew_Hitter@hotmail.com.it,2001-11-08,Male,457 Oakwood Avenue,Rome,Lazio,Italy,118,(874) 1526131
FAN-6797746,Benjamen,Batistelli,Benjamin_Batistelli@yahoo.com.de,1978-06-30,Female,567 Maple Lane,Berlin,Berlin,Germany,10115,
FAN-6806240,Benjamen,Ruddle,Benjamin_Ruddle@yahoo.com,1989-01-18,,123 Main St,New York,NY,United States,10001,(932) 5545246
FAN-6806930,Ben,Petschel,Benjamin_Petschel@aol.com,1987-05-18,Male,112 Pine Lane,Division,TX,United States,10987,
FAN-6841199,Benjamin,Exposito,BExposito12@apple.com,,,1121  Elm Road,Precinct,TX,United States,23456,(393) 2992673
FAN-6851460,Cleo,Dederick,CDederick239@yahoo.com.fr,,Nonbinary,101 Maple Ave,Paris,,France,75001,(828) 6094924
FAN-6868722,Khloe,Docherty,CDocherty98@gmail.com,,,011 Oak Drive,Chicago,IL,USA,60601,
FAN-6879382,Khloe,Klaff,Chloe.Klaff@mail.com.es,1978-06-01,Female,4848 Watermelon St,Barcelona,Catalonia,Spain,8001,(968) 2029882
FAN-6884009,Khloe,Wornum,Chloe_Wornum@yahoo.com.pt,1985-01-03,Female,234 Avocado Drive,Lisbon,Lisbon,Portugal,1500-001,(979) 5313959
FAN-6923316,Christopher,Knapper,Christopher_Knapper@gmail.com,1964-04-06,,789  Pine St,New York,NY,USA,10001,(718) 3089203
FAN-6969291,Kristopher,Chiechio,Christopher.Chiechio@mail.com,2008-07-04,Male,7181 Willow Street,Territory,TX,United States,56789,(891) 6482676
FAN-6991462,Christopher,Arnaudon,CArnaudon139@apple.com.mx,,Male,303  Oak Ave,Mexico City,,Mexico,6010,(462) 1412921
FAN-7007002,Kristopher,Flude,CFlude81@gmail.com,,Female,913  Cedar Street,Quadrant,TX,United States,10987,(980) 1711817
FAN-7032518,Daniel,Bartell,Daniel_Bartell@gmail.com.uk,,,135 Cedar Drive,London,England,UK,W1A 1AA,(259) 6095721
FAN-7033922,Danial,Fitzgerald,Daniel.Fitzgerald@mail.com.pt,1961-02-03,,4646 Papaya St,Lisbon,Lisbon,Portugal,1000-001,(821) 2888611
FAN-7079135,Daniel,Posnette,DPosnette134@apple.com.nl,1975-07-22,,606  Cherry St,Amsterdam,North Holland,Netherlands,1012 RJ,
FAN-7083006,Dan,Senner,DSenner237@yahoo.com.kr,1970-11-27,Female,456 Apricot Drive,Seoul,Seoul,South Korea,4534,
FAN-7106045,Elisabeth,Bather,EBather147@gmail.com.gr,,Male,4151  Redwood Avenue,Athens,,Greece,105 64,(424) 7995940
FAN-7113971,Lizbeth,Belleny,Elizabeth_Belleny@hotmail.com.se,1988-11-24,Male,2323  Watermelon St,Stockholm,Stockholm,Sweden,11120,(766) 9850609
FAN-7127838,Elisabeth,Bouttell,Elizabeth.Bouttell@mail.com.fr,2003-07-26,Nonbinary,112 Elm Lane,Lyon,Auvergne-Rhône-Alpes,France,69001,
FAN-7146245,Elisabeth,Tennet,ETennet42@gmail.com.cn,1972-10-07,,123 Pine St,Beijing,,China,100006,
FAN-7160701,Emily,Ebi,EEbi161@apple.com.at,1967-08-20,Female,2424 Pineapple St,Vienna,Vienna,Austria,1010,
FAN-7165972,Emalee,Kaufman,Emily_Kaufman@yahoo.com.kr,1968-06-08,Male,210 Pineapple Street,Seoul,Seoul,South Korea,3142,
FAN-7196370,Emalee,Berthot,Emily_Berthot@yahoo.com.nl,,Female,303 Birch St,Amsterdam,North Holland,Netherlands,1012 RJ,(479) 5595393
FAN-7216049,Emalee,Bolver,EBolver159@gmail.com.bg,,,707  Maple Ave,Sofia,Sofia-Capital,Bulgaria,1000,(463) 1762605
FAN-7222926,Ema,Castanares,ECastanares5@outlook.com.ru,1980-11-10,Male,4343 Blackberry St,St. Petersburg,Leningrad Oblast,Russia,190000,(417) 1941135
FAN-7227009,Emma,Pomroy,EPomroy14@apple.com.kr,1967-12-09,Male,789  Elm Lane,Seoul,,South Korea,4526,(594) 4747457
FAN-7237221,Ema,Florey,Emma_Florey@aol.com.fr,,,123 Main St,Paris,Île-de-France,France,75001,(740) 9653626
FAN-7258700,Emma,Bentzen,EBentzen44@apple.com.de,1976-09-11,Female,321  Maple Avenue,Berlin,Berlin,Germany,10115,
FAN-7265098,Ethen,Baitey,Ethan_Baitey@hotmail.com,1991-08-18,,5678 Maple Street,Suburb,TX,United States,87654,(939) 3577495
FAN-7276113,Ethen,Sine,Ethan_Sine@aol.com.es,2005-12-28,Female,344  Birch Avenue,Barcelona,Catalonia,Spain,8001,(447) 3995245
FAN-7332220,Eitan,Fifield,EFifield189@gmail.com.jp,1988-03-15,,210 Grape Lane,Osaka,Osaka,Japan,530-0001,
FAN-7337276,Ethan,Kirkham,Ethan_Kirkham@gmail.com,2006-07-25,,6171  Aspen Way,Hamlet,NY,United States,87654,(456) 6975570
FAN-7393798,Greys,MacAlees,GMacAlees152@outlook.com.gr,1975-08-21,,4444  Kiwi St,Athens,Attica,Greece,105 64,(702) 3252746
FAN-7398051,Greys,Bingley,Grace_Bingley@hotmail.com,1978-03-31,Male,202  Cedar Ln,Township,CA,United States,23456,(200) 7701843
FAN-7398975,Gracie,Hefferon,GHefferon138@yahoo.com.ca,1975-10-15,Female,567  Maple Lane,Toronto,ON,Canada,M5H 2N2,(218) 8991636
FAN-7404798,Gracie,Gee,GGee226@yahoo.com,2003-10-11,,909  Oak Ln,Cityscape,NY,United States,87654,(524) 5889326
FAN-7405266,Isabella,Purton,Isabella_Purton@gmail.com.uk,,Nonbinary,876  Cranberry Avenue,London,England,United Kingdom,W1A 1AA,(294) 8387261
FAN-7409534,Isabela,Spottiswoode,Isabella_Spottiswoode@hotmail.com.ar,1957-07-07,Female,357  Aspen Way,Buenos Aires,,Argentina,C1002ABC,(985) 4861782
FAN-7419788,Isabella,Finicj,IFinicj106@apple.com,,Female,579  Elm Road,Megalopolis,TX,United States,56789,(945) 5097529
FAN-7430898,Izabella,Hassen,Isabella_Hassen@yahoo.com.it,,Male,568 Cedar Drive,Milan,Lombardy,Italy,20121,(646) 3010467
FAN-7460020,Jaims,Cranshaw,JCranshaw69@outlook.com.es,1985-06-17,Female,9101  Pine Drive,Barcelona,Catalonia,Spain,8002,(790) 1984477
FAN-7468232,Jaymz,Whatling,James_Whatling@hotmail.com.jp,1977-05-19,,1234  Pine Avenue,Osaka,Osaka,Japan,530-0001,
FAN-7471670,Jaymes,Shuttlewood,JShuttlewood141@gmail.com,1957-12-10,Male,617  Maple Lane,Community,NY,United States,23456,(327) 8514744
FAN-7472458,Jaymes,Downe,JDowne133@gmail.com.de,2007-09-02,Male,3141  Cedar Lane,Berlin,Berlin,Germany,10117,
FAN-7491155,Josef,Burg,Joseph.Burg@mail.com,1979-11-20,Male,909 Elm Ln,New York,NY,United States,10001,(812) 9959879
FAN-7495136,Jozef,Roddell,Joseph_Roddell@aol.com.pt,1961-05-02,Male,789  Maple Ln,Lisbon,Lisbon,Portugal,1100-001,
FAN-7560477,Josif,Lease,Joseph_Lease@hotmail.com.br,1959-11-06,Female,617  Aspen Road,Rio de Janeiro,Rio de Janeiro,Brazil,20000-001,(748) 9031164
FAN-7575571,Josef,Schiefersten,JSchiefersten213@gmail.com.se,2004-12-20,Female,606  Cedar Ave,Stockholm,,Sweden,11120,
FAN-7603796,Kathryn,Bengoechea,KBengoechea49@gmail.com.jp,1993-08-14,Female,910  Elm Way,Tokyo,,Japan,100-0001,
FAN-7666021,Katherine,Bushe,KBushe69@apple.com.ch,1985-05-23,Nonbinary,606 Cherry St,Zurich,Zurich,Switzerland,8001,
FAN-7723409,Kathryn,Kisbee,Katherine_Kisbee@yahoo.com.it,,,789  Maple St,Milan,Lombardy,Italy,20121,(810) 9053151
FAN-7778109,Catherine,Usherwood,Katherine_Usherwood@aol.com.co,,Male,202 Oak Ave,Bogotá,,Colombia,110321,
FAN-7778510,Lily,McCahey,Lily_McCahey@gmail.com.fr,2005-08-20,Male,678 Peach Street,Paris,Ile-de-France,France,75003,(146) 2196563
FAN-7830774,Lillie,Osler,Lily_Osler@yahoo.com.de,1962-06-23,Female,314  Aspen Street,Hamburg,Hamburg,Germany,20095,(313) 4011197
FAN-7833074,Lillie,MacGillavery,Lily_MacGillavery@yahoo.com.jp,1988-10-08,Nonbinary,6171  Aspen Circle,Tokyo,Tokyo,Japan,100-0001,
FAN-7834184,Lillie,Camus,Lily.Camus@mail.com.de,,Female,789 Oakwood Avenue,Hamburg,Hamburg,Germany,20095,(186) 3288220
FAN-7834466,Madisyn,Zucker,Madison.Zucker@mail.com.mx,1971-04-11,Male,124  Birch Road,Mexico City,,Mexico,6010,
FAN-7870436,Madisyn,Dibdale,Madison.Dibdale@mail.com.no,2000-05-23,Female,677  Oak Drive,Oslo,Oslo,Norway,10,(285) 2648489
FAN-7886505,Maddison,Vautier,Madison_Vautier@aol.com.es,,Female,3030  Blueberry St,Madrid,Madrid,Spain,28001,(717) 1214735
FAN-7917767,Madisyn,Ierland,Madison.Ierland@mail.com.uk,2006-04-11,,909  Pine Ave,Liverpool,England,UK,L3 5TR,(227) 6519216
FAN-7923265,Mathew,Ferron,MFerron30@gmail.com.jp,2002-04-07,Male,505 Cedar Ln,Tokyo,,Japan,100-0001,(564) 6437059
FAN-7939695,Matthew,Lathaye,MLathaye57@apple.com.ar,2009-05-13,,1414  Grape St,Buenos Aires,Capital Federal,Argentina,C1107AAA,(570) 8034758
FAN-8052991,Mathew,Luard,Matthew_Luard@yahoo.com.es,1963-09-12,,808  Pine Rd,Madrid,,Spain,28013,
FAN-8078831,Matthieu,Brumham,Matthew_Brumham@aol.com.uk,,Female,455 Maple Street,London,England,UK,W1A 1AA,(937) 5756439
FAN-8080002,Michal,Linfield,Michael_Linfield@hotmail.com,1990-03-21,Male,210  Pineapple Street,Cluster,CA,United States,56789,(509) 6097654
FAN-8090324,Mikael,Reford,Michael.Reford@mail.com,,,1121 Birch Lane,Precinct,CA,United States,23456,(947) 4318513
FAN-8107529,Michal,Kristoffersson,Michael_Kristoffersson@hotmail.com.uk,1978-09-13,Female,4151  Redwood Drive,Liverpool,England,UK,L3 5TR,
FAN-8143164,Mikael,Tennet,MTennet99@gmail.com.gr,1984-05-30,,4545 Avocado St,Athens,Attica,Greece,105 64,(749) 6618600
FAN-8145102,Alyvia,Hembrow,OHembrow224@yahoo.com.be,2001-08-11,Female,202 Cedar St,Brussels,Brussels,Belgium,1000,(705) 2770150
FAN-8155684,Olyvia,Kwiek,Olivia_Kwiek@yahoo.com.ca,1970-05-11,,654  Lime Lane,Montreal,QC,Canada,H2X 1Y6,(200) 3566022
FAN-8158333,Alivia,Renfield,Olivia_Renfield@aol.com.gr,1972-03-24,Female,1515  Strawberry St,Athens,Attica,Greece,105 64,(632) 8409198
FAN-8182403,Alivia,Tomaszek,Olivia_Tomaszek@hotmail.com.ar,1970-01-29,Male,2626  Mango St,Buenos Aires,,Argentina,C1002ABC,(238) 7723523
FAN-8198382,Samuell,Vardey,Samuel_Vardey@hotmail.com,1963-03-17,Male,123 Main Street,Anytown,CA,United States,12345,(721) 6276802
FAN-8252780,Samuelito,MacLucais,Samuel_MacLucais@hotmail.com,2005-06-25,Female,6171 Aspen Way,Province,CA,United States,10987,(908) 8612623
FAN-8259192,Sam,Wolfarth,Samuel_Wolfarth@yahoo.com.fr,2005-04-23,Male,987  Passionfruit Drive,Paris,Ile-de-France,France,75001,(221) 4316186
FAN-8293439,Samuel,Buie,SBuie149@apple.com.cn,1979-10-10,Female,987  Pine Road,Beijing,,China,100006,(993) 9240183
FAN-8366014,Soffia,McBrearty,SMcBrearty28@outlook.com.br,,Female,1234  Oak Place,Rio de Janeiro,,Brazil,20040-002,(408) 5301508
FAN-8379456,Sophia,Falls,Sophia_Falls@gmail.com,1988-04-22,,890  Raspberry Lane,Villagetown,CA,United States,67890,
FAN-8391028,Soffia,Royce,SRoyce230@outlook.com.it,1987-04-24,Male,4949 Pineapple St,Rome,Lazio,Italy,118,
FAN-8396198,Soffia,Neave,Sophia_Neave@hotmail.com.hr,2005-02-23,Male,987  Cedar Lane,Zagreb,Zagreb,Croatia,10000,(794) 3877632
FAN-8425559,William,Gartsyde,William_Gartsyde@gmail.com.au,,Female,678  Mango Lane,Sydney,NSW,Australia,2000,(740) 1406769
FAN-8432214,Willem,Prowse,William_Prowse@aol.com.it,1972-01-04,Male,516  Oak Drive,Rome,Lazio,Italy,118,(418) 3550300
FAN-8476294,Willem,Whiskerd,William_Whiskerd@aol.com.pt,2000-02-20,Female,3131 Blackberry St,Lisbon,Lisbon,Portugal,1000-001,(861) 1766366
FAN-8492379,Guillermo,Divine,WDivine13@yahoo.com.ca,1982-09-06,Female,321 Maple Avenue,Toronto,ON,Canada,M5H 2N2,(701) 6405034
FAN-8495678,Abigail,Watling,Abigail_Watling@gmail.com.es,,Nonbinary,808  Maple Rd,Madrid,Community of Madrid,Spain,28001,
FAN-8500853,Abigayle,Attwool,Abigail_Attwool@hotmail.com.es,1960-09-15,Female,432 Mango Way,Madrid,Community of Madrid,Spain,28001,(304) 1045046
FAN-8546429,Abigale,Furmagier,Abigail_Furmagier@yahoo.com.no,1993-11-13,,2020 Avocado St,Oslo,Oslo,Norway,10,(538) 8993560
FAN-8564819,Abigayle,Danher,ADanher60@outlook.com,1974-07-23,,6171 Aspen Circle,Borough,NY,United States,43210,(309) 4372917
FAN-8573412,Aidan,Barenskie,Aiden.Barenskie@mail.com.ch,1983-08-09,Male,654  Guava Road,Zurich,Zurich,Switzerland,8001,(763) 9034153
FAN-8583850,Ayden,Lathaye,ALathaye144@outlook.com.fi,1992-02-23,Female,2222 Pomegranate St,Helsinki,Uusimaa,Finland,100,(558) 8528495
FAN-8591059,Ayden,Horning,AHorning136@outlook.com.ca,1972-03-27,,678  Coconut Circle,Montreal,QC,Canada,H2X 1Y6,(576) 9928019
FAN-8622033,Ayden,Sartin,ASartin7@outlook.com.au,,Male,321 Pomegranate Lane,Sydney,New South Wales,Australia,2000,
FAN-8629846,Aleksander,Gerssam,Alexander_Gerssam@yahoo.com,1996-10-25,Female,790  Birch Street,Zone,NY,United States,56789,(217) 4363554
FAN-8641093,Aleksander,Worvell,Alexander_Worvell@yahoo.com.uk,,Female,789  Maple Drive,London,England,United Kingdom,W1A 1AA,(364) 8089920
FAN-8641535,Aleksander,Wisniewski,Alexander.Wisniewski@mail.com,1996-08-28,Nonbinary,819  Cedar Avenue,Everywhere,CA,United States,54321,(584) 4934402
FAN-8675384,Aleksander,Eddington,AEddington168@gmail.com,1974-11-25,Female,4151 Redwood Drive,Outskirts,TX,United States,87654,(160) 3935893
FAN-8677815,Andreas,McAusland,Andrew_McAusland@aol.com,2006-12-17,,789 Maple Drive,Nowhere,NY,United States,54321,
FAN-8696017,Andrew,O'Kinedy,Andrew_O'Kinedy@gmail.com.pt,2003-04-16,Female,567  Willow Way,Porto,Porto,Portugal,4050-481,(243) 8778565
FAN-8703655,Andre,Crut,Andrew_Crut@yahoo.com.es,,Male,3636 Watermelon St,Madrid,Madrid,Spain,28001,(271) 3675592
FAN-8706494,Andrew,Bellon,Andrew_Bellon@gmail.com.nl,,Male,801 Elm Road,Rotterdam,South Holland,Netherlands,3012 BN,(781) 5594207
FAN-8712304,Benjamin,Standall,Benjamin_Standall@gmail.com,1967-05-15,Female,210  Grape Lane,Locale,CA,United States,10987,(267) 9559993
FAN-8716664,Benjamin,Mullin,BMullin159@apple.com.nl,1995-03-27,,707  Willow Rd,Amsterdam,North Holland,Netherlands,1012 AB,
FAN-8731197,Ben,Nulty,Benjamin_Nulty@aol.com.pt,,Female,234  Birch Lane,Lisbon,Lisbon,Portugal,1000-001,
FAN-8731778,Benjamen,Rockwell,BRockwell44@gmail.com.pt,2003-02-17,,567 Willow Way,Lisbon,Lisbon,Portugal,1000-001,
FAN-8737687,Khloe,Jessett,CJessett133@gmail.com,,Male,920  Maple Boulevard,Sector,TX,United States,23456,(824) 5490786
FAN-8743159,Chloe,Grantham,Chloe_Grantham@gmail.com.jp,2001-08-05,Female,505 Willow Ln,Tokyo,,Japan,100-0001,
FAN-8771501,Cloe,Durand,Chloe_Durand@aol.com.ch,,Male,3939 Mango St,Zurich,Zurich,Switzerland,8001,(428) 5975311
FAN-8780478,Cloe,Riccetti,CRiccetti71@outlook.com.ro,1992-09-14,Nonbinary,4242  Blueberry St,Bucharest,Bucharest,Romania,50711,(407) 8018716
FAN-8801867,Christophe,McCumskay,Christopher_McCumskay@hotmail.com.qa,2009-01-27,Nonbinary,606  Oak Ln,Doha,,Qatar,PO Box 25577,
FAN-8832440,Christopher,Reyburn,Christopher_Reyburn@gmail.com,1966-11-24,Female,7181 Willow Street,District,CA,United States,87654,(399) 1398760
FAN-8841312,Christophe,Kinker,Christopher_Kinker@hotmail.com.de,2009-05-08,Female,913 Cedar Street,Hamburg,Hamburg,Germany,20095,(271) 1930116
FAN-8850457,Christopher,Lace,CLace239@apple.com,1994-08-27,Male,920 Maple Boulevard,Community,NY,United States,23456,(822) 8066924
FAN-8877754,Danial,Castelletto,Daniel_Castelletto@yahoo.com.ch,1979-11-12,Female,123 Banana Road,Zurich,Zurich,Switzerland,8001,(834) 8951569
FAN-8894871,Danial,Dumini,Daniel.Dumini@mail.com.it,1970-08-18,Male,3636  Watermelon St,Milan,Lombardy,Italy,20123,(505) 2359435
FAN-8905198,Daniell,Floodgate,DFloodgate168@outlook.com.ua,1971-06-26,Female,2828 Raspberry St,Kyiv,Kyiv,Ukraine,1001,(734) 5938957
FAN-8945561,Daniel,Leadstone,DLeadstone22@apple.com,1962-03-25,Male,718 Willow Drive,Cluster,CA,United States,56789,(331) 9688809
FAN-8957898,Elisabeth,Paler,EPaler103@gmail.com.sk,1978-01-15,Female,2727 Papaya St,Bratislava,Bratislava,Slovakia,81101,(927) 2298865
FAN-8971591,Elisabeth,Ellissen,EEllissen222@gmail.com,1980-04-27,,9201  Maple Way,Everyville,CA,United States,98765,
FAN-8994678,Elizabith,Angus,Elizabeth_Angus@aol.com.eg,2000-08-16,Male,909  Elm Rd,Cairo,,Egypt,11519,(739) 1969888
FAN-9001272,Lizbeth,Gebbe,EGebbe246@yahoo.com,2008-06-25,Female,987 Cedar Lane,Anywhere,NY,United States,87654,(824) 2558286
FAN-9006656,Emalee,Colles,Emily_Colles@yahoo.com.ar,1981-01-22,Female,765 Pineapple Boulevard,Buenos Aires,Capital Federal,Argentina,C1107AAA,(687) 2179868
FAN-9065391,Emmaleigh,Loadwick,ELoadwick117@outlook.com.de,1957-10-17,,122  Cedar Lane,Berlin,,Germany,10178,(562) 1332549
FAN-9091170,Emmaleigh,Mizzen,Emily_Mizzen@hotmail.com.it,,,5161  Birch Lane,Rome,Lazio,Italy,118,
FAN-9092701,Emmaleigh,Grantham,Emily_Grantham@aol.com.de,1978-12-19,Male,2929 Strawberry St,Munich,Bavaria,Germany,80331,(313) 4461218
FAN-9130200,Emmah,Abramino,Emma.Abramino@mail.com.at,2004-05-16,Female,505 Maple Ln,Vienna,,Austria,1010,
FAN-9135566,Emma,MacCoughan,EMacCoughan128@apple.com.de,2004-12-28,Female,654 Birch Lane,Berlin,Berlin,Germany,10115,(768) 5802499
FAN-9144735,Emmah,Coogan,Emma_Coogan@yahoo.com,,Male,617 Maple Lane,Sector,TX,United States,23456,(100) 2175345
FAN-9239338,Emm,Dillingston,Emma_Dillingston@hotmail.com.no,,Male,445  Oak Road,Oslo,,Norway,180,(288) 8081913
FAN-9243232,Ethen,Simony,ESimony204@outlook.com,1975-06-20,Male,654 Aspen Boulevard,Megalopolis,TX,United States,56789,(231) 3456193
FAN-9245915,Ethen,Jirusek,Ethan_Jirusek@hotmail.com,1992-12-15,,456  Apricot Drive,Cityville,TX,United States,98765,(253) 2463197
FAN-9248524,Eitan,Braxay,EBraxay203@gmail.com,1987-08-27,Female,707  Pineapple St,Sector,NY,United States,56789,(697) 9546732
FAN-9255968,Eitan,Shirrell,Ethan.Shirrell@mail.com.fr,,Colorado,788 Cedar Road,Paris,Ile-de-France,France,75001,(219) 2661186
FAN-9265629,Gracie,Ekkel,Grace_Ekkel@hotmail.com.pl,1976-08-31,Female,1717  Blueberry St,Warsaw,,Poland,00-001,(157) 6918202
FAN-9308199,Gracie,MacCoughan,Grace_MacCoughan@hotmail.com,,Female,321  Lemon Avenue,Uptown,CA,United States,56789,(740) 7255326
FAN-9376033,Greys,McCullagh,Grace_McCullagh@hotmail.com.bg,2001-10-04,Female,2626 Mango St,Sofia,Sofia-Capital,Bulgaria,1000,(925) 1082906
FAN-9378596,Gracie,Gebbe,GGebbe106@yahoo.com.au,,,101 Elm St,Sydney,NSW,Australia,2000,(520) 2942496
FAN-9384303,Isabela,Gabitis,Isabella_Gabitis@aol.com.se,,Male,1212  Orange St,Stockholm,Stockholm,Sweden,11120,(838) 7649441
FAN-9396617,Isabella,Royds,Isabella_Royds@gmail.com,,Female,455  Maple Street,New York,NY,United States,10001,(454) 2919717
FAN-9398170,Izabella,Randales,IRandales32@gmail.com.fr,1987-07-24,Female,321 Elm Street,Paris,Ile-de-France,France,75001,(129) 1889935
FAN-9411625,Ysabella,Killingsworth,IKillingsworth140@yahoo.com.be,1962-01-04,,678 Mango Lane,Brussels,Brussels,Belgium,1000,(168) 5313775
FAN-9425182,Jaymes,McCuish,James_McCuish@yahoo.com,2005-03-02,Nonbinary,8191  Oak Boulevard,Anytown,CA,United States,12345,(663) 2931303
FAN-9432595,Jaymes,Exposito,James_Exposito@yahoo.com.fr,1964-08-12,,3838 Coconut St,Lyon,Auvergne-Rhône-Alpes,France,69001,(393) 2992673
FAN-9445680,James,Normanvill,James_Normanvill@gmail.com,1980-11-18,Male,8191 Oak Court,Locale,TX,United States,23456,(290) 6415206
FAN-9454297,James,Dunnan,James_Dunnan@gmail.com.dk,,Female,5678  Cedar Road,Copenhagen,Capital Region,Denmark,1000,(641) 4855388
FAN-9485968,Josef,Pinches,JPinches15@gmail.com.pt,1998-11-13,Male,468  Birch Street,Lisbon,Lisbon,Portugal,1600-001,
FAN-9526001,Jozef,Rosin,Joseph_Rosin@hotmail.com.de,1963-08-27,Male,321  Birch Drive,Berlin,,Germany,10115,(423) 9346022
FAN-9544449,Joseph,Norman,JNorman224@apple.com.mx,1980-09-07,Female,246  Oakwood Lane,Mexico City,Ciudad de Mexico,Mexico,1000,(486) 7568506
FAN-9606728,Joseph,Tesimon,JTesimon158@apple.com.fr,1970-02-05,,789  Cedar Rd,Lyon,Auvergne-Rhône-Alpes,France,69001,(421) 1356422
FAN-9609644,Kathryn,Burtwistle,Katherine.Burtwistle@mail.com.uk,,Female,789 Kiwi Avenue,London,England,United Kingdom,W1F 7ED,(577) 9269599
FAN-9612931,Katarina,Emnoney,Katherine_Emnoney@hotmail.com.cz,,Male,4141 Strawberry St,Prague,Prague,Czech Republic,110 00,
FAN-9660505,Catherine,Hembrow,KHembrow12@outlook.com.ru,,,1414 Grape St,St. Petersburg,Leningrad Oblast,Russia,190000,
FAN-9664582,Katherine,Cholton,Katherine_Cholton@gmail.com.tr,2010-03-15,,101  Cedar Rd,Istanbul,,Turkey,34110,(296) 4589549
FAN-9699213,Lili,Handyside,LHandyside179@outlook.com,2010-01-13,Male,404  Elm St,Division,CA,United States,87654,(701) 7908334
FAN-9701199,Lilly,Duffin,Lily_Duffin@hotmail.com.pl,1994-02-08,Female,1515 Strawberry St,Warsaw,Masovian Voivodeship,Poland,00-001,
FAN-9704369,Lili,Allewell,Lily_Allewell@hotmail.com.es,,Male,124 Birch Road,Madrid,Community of Madrid,Spain,28001,(591) 1795511
FAN-9708177,Lillie,Sargison,Lily_Sargison@yahoo.com.sk,1966-08-07,Male,7181  Willow Street,Bratislava,Bratislava,Slovakia,81101,
FAN-9732021,Madyson,Oldman,MOldman177@yahoo.com.es,1966-08-25,,667  Elm Lane,Madrid,Community of Madrid,Spain,28004,
FAN-9733696,Madisyn,Poles,Madison_Poles@yahoo.com.uk,1964-03-24,,2020  Avocado St,Liverpool,England,UK,L3 5TR,
FAN-9743416,Madisyn,Elloway,Madison.Elloway@mail.com.ua,,Male,909  Banana St,Kyiv,Kyiv,Ukraine,1001,(762) 8568739
FAN-9753719,Madisyn,Coggan,Madison.Coggan@mail.com.es,,Male,235 Elm Lane,Barcelona,Catalonia,Spain,8001,(346) 8803997
FAN-9768711,Mathew,Bodega,Matthew_Bodega@yahoo.com.fr,1989-09-07,Male,468 Birch Street,Paris,Ile-de-France,France,75001,(885) 7757055
FAN-9776469,Mathew,Picton,MPicton145@gmail.com.ch,1982-12-27,Male,3232  Kiwi St,Zurich,Zurich,Switzerland,8001,(951) 3569490
FAN-9779268,Matthieu,Askie,Matthew_Askie@hotmail.com,1977-09-02,,415 Willow Avenue,Zone,NY,United States,56789,
FAN-9783885,Matthieu,Josupeit,Matthew_Josupeit@hotmail.com.de,,Male,802 Maple Drive,Munich,Bavaria,Germany,80331,(660) 7438463
FAN-9794581,Michael,Smithson,Michael_Smithson@gmail.com.fr,2001-02-27,,579 Elm Road,Marseille,Provence-Alpes-Côte d'Azur,France,13001,(758) 4674647
FAN-9795274,Michael,Rosenbaum,Michael_Rosenbaum@gmail.com.de,1999-09-25,Nonbinary,1818  Blackberry St,Munich,Bavaria,Germany,80335,(944) 1770929
FAN-9816331,Michal,Borne,Michael_Borne@hotmail.com,1992-03-29,Male,802  Maple Drive,Los Angeles,CA,USA,90001,(196) 7864151
FAN-9827189,Mikel,Brownsword,MBrownsword202@yahoo.com.es,,Male,789 Maple St,Madrid,Madrid,Spain,28001,
FAN-9834315,Olyvia,Pirri,OPirri246@gmail.com.fr,,Male,654  Aspen Boulevard,Marseille,Provence-Alpes-Côte d'Azur,France,13001,(849) 2438062
FAN-9847724,Alyvia,Cadlock,Olivia_Cadlock@hotmail.com,2005-10-05,Male,889 Maple Street,New York,NY,USA,10001,
FAN-9859192,Alyvia,Causnett,OCausnett187@yahoo.com.uk,1962-03-15,Female,123  Main Street,London,,United Kingdom,EC1A 1BB,(700) 9362691
FAN-9886517,Olyvia,Cruickshank,OCruickshank243@gmail.com.be,1998-01-25,Male,101  Elm St,Brussels,Brussels,Belgium,1000,(902) 5237442
FAN-9901729,Samuel,Mendes,SMendes234@apple.com.es,,Male,678 Coconut Circle,Madrid,Community of Madrid,Spain,28004,(477) 4370541
FAN-9910621,Samuel,Flatt,SFlatt155@apple.com.ar,1960-07-17,Male,707 Maple Ave,Buenos Aires,,Argentina,C1002ABC,(560) 4292572
FAN-9913759,Samuel,Rigeby,SRigeby184@apple.com,1994-05-08,Female,415 Elm Court,Block,CA,United States,87654,(676) 7637786
FAN-9915193,Sam,Dethloff,SDethloff97@gmail.com,1986-03-08,,404  Birch Rd,District,NY,United States,23456,(528) 9154405
FAN-9915318,Sophia,Burg,Sophia_Burg@gmail.com,,,9101 Pine Drive,Villagetown,CA,United States,67890,(924) 6937956
FAN-9925460,Soffia,Gee,Sophia_Gee@hotmail.com,1990-04-28,Female,678  Pine Drive,Los Angeles,CA,United States,90001,(524) 5889326
FAN-9927994,Sofia,McMakin,SMcMakin184@gmail.com.ca,,,344 Birch Avenue,Vancouver,BC,Canada,V6B 4Y8,(828) 4620413
FAN-9951084,Sofiya,Bolmann,Sophia_Bolmann@hotmail.com.es,1981-02-28,Male,345 Oak Street,Madrid,Community of Madrid,Spain,28001,(908) 7036120
FAN-9953546,Will,Pavel,WPavel187@gmail.com,2002-03-18,,456 Cedar Road,Urban,TX,United States,54321,(943) 6295757
FAN-9956275,Guillermo,Sircomb,William_Sircomb@hotmail.com,1981-04-16,,432  Strawberry Court,Somewhereton,CA,United States,43210,
FAN-9958480,William,Aslum,WAslum183@apple.com.jp,1969-01-13,Nonbinary,567 Starfruit Avenue,Tokyo,Tokyo,Japan,100-0001,(379) 8574277
FAN-9992068,Guillermo,Thomann,William_Thomann@hotmail.com.ca,1957-02-25,Nonbinary,778 Birch Road,Vancouver,BC,Canada,V6B 4Y8,(454) 9990520