FanId,Source FN,first_name,last_name,Email
FAN-1029453,Abigail,Abigale,Torpie,Abbigail.Torpie@mail.com.uk
FAN-1031599,Abigail,Abbigail,Penkman,Abigale_Penkman@gmail.com.sa
FAN-1051279,Abigail,Abigayle,Boulton,Abigale_Boulton@gmail.com.jp
FAN-1071081,Abigail,Abbigail,Eagell,AEagell194@apple.com.eg
FAN-1077692,Aiden,Aidan,Braune,ABraune7@gmail.com.it
FAN-1080305,Aiden,Ayden,Walsom,AWalsom41@yahoo.com.tr
FAN-1118908,Aiden,Adan,Blaise,ABlaise158@gmail.com
FAN-1139477,Aiden,Ayden,Brownsey,Aiden_Brownsey@hotmail.com.ar
FAN-1173911,Alexander,Alexander,Bester,Alexander.Bester@mail.com
FAN-1175288,Alexander,Alaxander,Scotti,Aleksander_Scotti@gmail.com.de
FAN-1234078,Alexander,Alexzander,Liccardi,ALiccardi102@apple.com
FAN-1239497,Alexander,Alexander,Pinchbeck,Alexander.Pinchbeck@mail.com.nl
FAN-1260526,Andrew,Andrew,Sogg,ASogg81@apple.com.de
FAN-1280995,Andrew,Andreas,Daftor,ADaftor64@yahoo.com
FAN-1290448,Andrew,Andrey,Bosden,Andrey_Bosden@hotmail.com
FAN-1291177,Andrew,Andreas,holmes,Andre.holmes@mail.com.hu
FAN-1293049,Benjamin,Benjamen,Harower,Benjamen_Harower@hotmail.com.de
FAN-1293887,Benjamin,Benjamen,Van den Hof,Benjamin_VandenHof@aol.com.gr
FAN-1306732,Benjamin,Benjamin,Warde,Benjamen_Warde@hotmail.com
FAN-1363046,Benjamin,Ben,Swane,BSwane242@apple.com
FAN-1372955,Chloe,Khloe,Duffin,CDuffin153@apple.com.fr
FAN-1389636,Chloe,Chloe,Baxstar,Cleo_Baxstar@aol.com.ar
FAN-1394118,Chloe,Khloe,Baynton,Chloe.Baynton@mail.com.uk
FAN-1411626,Chloe,Chloe,Guinan,CGuinan150@apple.com.be
FAN-1447620,Christopher,Krystoffer,Myall,CMyall59@yahoo.com.uk
FAN-1502535,Christopher,Krystoffer,Gook,KGook236@apple.com.uk
FAN-1509417,Christopher,Kristopher,Magee,KMagee2@yahoo.com.fr
FAN-1525316,Christopher,Christophe,Atack,Krystoffer_Atack@aol.com
FAN-1543489,Daniel,Danial,Dikels,DDikels231@yahoo.com
FAN-1545374,Daniel,Danial,Bilbrook,Daniell_Bilbrook@aol.com
FAN-1545810,Daniel,Danial,Hankey,Daniell_Hankey@aol.com.ar
FAN-1570540,Daniel,Danial,Purbrick,DPurbrick60@gmail.com.gr
FAN-1577132,Elizabeth,Elizabeth,Filippov,Elisabeth_Filippov@hotmail.com.mx
FAN-1582928,Elizabeth,Lizbeth,Standeven,Elisabeth_Standeven@hotmail.com.ch
FAN-1609646,Elizabeth,Lizbeth,Shirrell,Elisabeth_Shirrell@aol.com.ca
FAN-1613492,Elizabeth,Elisabeth,Vedenyapin,Elizabith_Vedenyapin@yahoo.com.mx
FAN-1654512,Emily,Emmaleigh,Cessford,Amelie.Cessford@mail.com
FAN-1690386,Emily,Amelie,Josephi,Emalee_Josephi@yahoo.com.es
FAN-1700571,Emily,Emalee,Vallery,Emily_Vallery@hotmail.com.kr
FAN-1733338,Emily,Emily,Melladew,EMelladew228@outlook.com.ca
FAN-1747986,Emma,Emm,Pitson,Emm_Pitson@yahoo.com
FAN-1773000,Emma,Ema,Lydden,Emma.Lydden@mail.com.uk
FAN-1793957,Emma,Emma,Brunsen,Ema_Brunsen@hotmail.com
FAN-1794102,Emma,Emma,Stritton,EStritton30@outlook.com
FAN-1797243,Ethan,Ethen,Grigolon,Ethen.Grigolon@mail.com.jp
FAN-1799995,Ethan,Eitan,Legge,Ethan_Legge@gmail.com.fr
FAN-1822456,Ethan,Ethen,Coggan,ECoggan146@apple.com.kr
FAN-1837426,Ethan,Athan,Faragher,Athan_Faragher@yahoo.com.pt
FAN-1864252,Grace,Greys,Armit,GArmit34@gmail.com.fr
FAN-1868430,Grace,Grace,Gentzsch,GGentzsch134@yahoo.com.pl
FAN-1870592,Grace,Grayce,Netherclift,Grayce_Netherclift@yahoo.com.ru
FAN-1876301,Grace,Greys,Nerheny,Greys_Nerheny@hotmail.com.at
FAN-1880545,Isabella,Isabela,Pearce,YPearce198@yahoo.com.pt
FAN-1881461,Isabella,Isabela,Braddick,IBraddick113@outlook.com
FAN-1888427,Isabella,Izabella,Sayre,Izabella_Sayre@hotmail.com.uk
FAN-1891941,Isabella,Izabella,Hoyles,YHoyles125@outlook.com.uk
FAN-1896032,James,Jaymz,Busk,JBusk142@yahoo.com.es
FAN-1902015,James,Jaims,Dwire,Jaymes.Dwire@mail.com.no
FAN-1910648,James,Jaims,Jaye,Jaymes_Jaye@gmail.com.pt
FAN-1914303,James,Jaims,Harmes,Jaymes_Harmes@hotmail.com
FAN-1927587,Joseph,Joseph,Reford,Josef_Reford@gmail.com.ru
FAN-1940543,Joseph,Joseph,Yockley,Josif_Yockley@hotmail.com
FAN-1949136,Joseph,Jozef,Batistelli,JBatistelli203@apple.com.es
FAN-1958740,Joseph,Josif,Siehard,Josef.Siehard@mail.com.uk
FAN-1960402,Katherine,Katherine,Baitey,KBaitey183@outlook.com.it
FAN-1960602,Katherine,Catherine,Gudge,Katarina_Gudge@yahoo.com
FAN-1972995,Katherine,Kathryn,Grubey,Kathryn_Grubey@yahoo.com.it
FAN-2010151,Katherine,Catherine,Rosenbaum,Kathryn_Rosenbaum@aol.com
FAN-2010771,Lily,Lillie,Kinchington,Lillie_Kinchington@hotmail.com.hu
FAN-2011048,Lily,Lilly,Camocke,LCamocke175@yahoo.com.fr
FAN-2092843,Lily,Lillie,Housbey,Lillie_Housbey@hotmail.com
FAN-2128618,Lily,Lili,Keech,LKeech181@gmail.com.gr
FAN-2139863,Madison,Madyson,Radnedge,Maddison_Radnedge@aol.com.br
FAN-2142178,Madison,Maddison,Cordeux,Maddison.Cordeux@mail.com.ro
FAN-2182093,Madison,Maddison,Sayles,Maddison_Sayles@yahoo.com
FAN-2238347,Madison,Madisyn,Whatling,Madisyn_Whatling@hotmail.com.de
FAN-2244761,Matthew,Matthieu,Ellesmere,Matthew_Ellesmere@aol.com.es
FAN-2266113,Matthew,Mateo,Parram,MParram48@apple.com.de
FAN-2267294,Matthew,Mateo,Hammell,Mathew_Hammell@gmail.com.uk
FAN-2285564,Matthew,Matthieu,Cresswell,MCresswell67@yahoo.com
FAN-2285853,Michael,Michal,Kearn,Michal_Kearn@gmail.com
FAN-2306653,Michael,Mikael,Spatoni,MSpatoni16@yahoo.com.fr
FAN-2319251,Michael,Mikael,Kellen,MKellen233@gmail.com
FAN-2373198,Michael,Michael,Atling,MAtling14@outlook.com.fr
FAN-2381532,Olivia,Olivia,Fominov,OFominov120@gmail.com.mx
FAN-2385979,Olivia,Alivia,Tiffin,Olivia_Tiffin@aol.com.nl
FAN-2390444,Olivia,Olyvia,Collihole,ACollihole141@outlook.com.it
FAN-2410974,Olivia,Alyvia,Calbert,OCalbert155@yahoo.com.sa
FAN-2438043,Samuel,Samuelito,Rawlings,SRawlings102@gmail.com.it
FAN-2453632,Samuel,Samuelito,Oxborough,Samuell_Oxborough@aol.com.cz
FAN-2522326,Samuel,Samuelito,Doby,Sam_Doby@gmail.com.it
FAN-2584299,Samuel,Samuel,Styant,Sam_Styant@yahoo.com.at
FAN-2585654,Sophia,Sofia,Dreus,SDreus242@gmail.com.nl
FAN-2597100,Sophia,Sofia,Van Dijk,Sofiya_VanDijk@gmail.com
FAN-2602971,Sophia,Sophia,Kerridge,SKerridge75@yahoo.com
FAN-2609599,Sophia,Sophia,Laverty,SLaverty70@yahoo.com.fr
FAN-2662467,William,Guillermo,Hischke,Guillermo_Hischke@hotmail.com.mx
FAN-2677231,William,Guillermo,Johanchon,GJohanchon175@outlook.com.de
FAN-2697464,William,William,Phython,Will_Phython@hotmail.com
FAN-2697595,William,Guillermo,Sircomb,Guillermo_Sircomb@hotmail.com.nl
FAN-2720996,Abigail,Abbigail,Riccetti,ARiccetti117@gmail.com.it
FAN-2741024,Abigail,Abigayle,Tyas,Abbigail.Tyas@mail.com.es
FAN-2742716,Abigail,Abigail,Annett,AAnnett21@outlook.com.nl
FAN-2768906,Abigail,Abbigail,Crabb,ACrabb248@outlook.com.de
FAN-2792670,Aiden,Aidan,Christer,Adan.Christer@mail.com.pt
FAN-2799224,Aiden,Ayden,Laffling,Aidan_Laffling@yahoo.com.ca
FAN-2810948,Aiden,Ayden,Sartin,Aidan_Sartin@aol.com
FAN-2811958,Aiden,Aiden,Cush,Adan_Cush@hotmail.com.dk
FAN-2815399,Alexander,Aleksander,McGinney,AMcGinney72@gmail.com.de
FAN-2873227,Alexander,Aleksander,Clarycott,AClarycott59@apple.com.pl
FAN-2912347,Alexander,Aleksander,Navan,ANavan129@yahoo.com.rs
FAN-2934219,Alexander,Alexzander,Dempsey,Alaxander_Dempsey@gmail.com.es
FAN-2959449,Andrew,Andrey,Ickov,AIckov215@gmail.com
FAN-3003222,Andrew,Andrey,Doby,Andrew_Doby@hotmail.com
FAN-3005348,Andrew,Andreas,Luard,Andrew_Luard@hotmail.com.mx
FAN-3007236,Andrew,Andrew,Coton,Andrew_Coton@hotmail.com
FAN-3014429,Benjamin,Benjamen,Douris,Benjamen_Douris@aol.com
FAN-3033395,Benjamin,Ben,Badham,BBadham144@outlook.com.de
FAN-3046129,Benjamin,Ben,Sherrocks,Ben.Sherrocks@mail.com
FAN-3076198,Benjamin,Benjamen,Wellsman,BWellsman87@outlook.com
FAN-3084374,Chloe,Khloe,Beacham,Khloe_Beacham@hotmail.com.ca
FAN-3098704,Chloe,Khloe,Vest,Chloe_Vest@yahoo.com.dk
FAN-3100350,Chloe,Chloe,Eagland,KEagland187@gmail.com
FAN-3101105,Chloe,Cloe,Cloake,Cleo_Cloake@yahoo.com.es
FAN-3152141,Christopher,Krystoffer,Buddleigh,KBuddleigh226@gmail.com.es
FAN-3187507,Christopher,Christopher,Screaton,Christopher_Screaton@gmail.com
FAN-3210151,Christopher,Christophe,Gartell,Christopher_Gartell@hotmail.com.uk
FAN-3248800,Christopher,Christopher,Eschelle,CEschelle60@gmail.com.co
FAN-3312849,Daniel,Dan,Breeton,DBreeton173@apple.com.uk
FAN-3347106,Daniel,Daniell,Morphet,Dan_Morphet@yahoo.com.be
FAN-3383275,Daniel,Daniell,Le Strange,Dan.LeStrange@mail.com.nl
FAN-3386074,Daniel,Danial,Vidler,DVidler237@outlook.com
FAN-3419281,Elizabeth,Elizabeth,Tivnan,Elizabith_Tivnan@hotmail.com.se
FAN-3421186,Elizabeth,Elisabeth,Collecott,Elizabith_Collecott@aol.com.uk
FAN-3433993,Elizabeth,Lizbeth,Haville,Elizabith.Haville@mail.com.hu
FAN-3435455,Elizabeth,Elizabeth,Casham,ECasham68@gmail.com.kw
FAN-3447873,Emily,Emalee,Jereatt,AJereatt47@apple.com
FAN-3453369,Emily,Emmaleigh,Filippov,Emmaleigh_Filippov@yahoo.com.ca
FAN-3454038,Emily,Amelie,Perford,EPerford217@yahoo.com
FAN-3480833,Emily,Emalee,Skipp,Emalee_Skipp@gmail.com
FAN-3503668,Emma,Emma,Lorie,Ema_Lorie@gmail.com
FAN-3535469,Emma,Emm,Aslum,Emmah_Aslum@aol.com.kr
FAN-3540412,Emma,Ema,O'Roan,Emma.O'Roan@mail.com
FAN-3546849,Emma,Emma,Fretwell,Emmah_Fretwell@hotmail.com.fr
FAN-3556696,Ethan,Ethan,McGarrie,EMcGarrie192@yahoo.com.fr
FAN-3563123,Ethan,Eitan,Smalley,Eitan_Smalley@gmail.com
FAN-3566269,Ethan,Eitan,Hobbert,Eitan_Hobbert@aol.com
FAN-3574508,Ethan,Athan,Bothe,Ethen_Bothe@gmail.com.au
FAN-3587425,Grace,Grayce,Roddell,Grayce_Roddell@hotmail.com.pt
FAN-3627891,Grace,Grayce,Bailess,Greys_Bailess@gmail.com.es
FAN-3651555,Grace,Gracie,Harbertson,GHarbertson228@apple.com.dk
FAN-3652969,Grace,Greys,Mabee,Grayce_Mabee@hotmail.com.it
FAN-3671488,Isabella,Isabella,Scintsbury,Isabella.Scintsbury@mail.com.de
FAN-3708832,Isabella,Ysabella,Bedson,IBedson106@apple.com.hu
FAN-3738861,Isabella,Ysabella,Wenzel,IWenzel140@outlook.com
FAN-3749804,Isabella,Isabela,Brotherwood,Izabella_Brotherwood@hotmail.com
FAN-3752631,James,Jaims,Allitt,Jaymes.Allitt@mail.com
FAN-3768183,James,Jaymes,Excell,JExcell23@apple.com.fr
FAN-3793988,James,Jaymz,Drinkale,JDrinkale242@yahoo.com.es
FAN-3803300,James,James,Pearl,JPearl155@yahoo.com.pt
FAN-3821647,Joseph,Jozef,Shreeve,JShreeve190@apple.com.pt
FAN-3848921,Joseph,Jozef,Mobbs,JMobbs7@yahoo.com
FAN-3858351,Joseph,Josef,Robottom,Joseph_Robottom@gmail.com.pt
FAN-3884983,Joseph,Joseph,Garter,Josif_Garter@hotmail.com.nl
FAN-3902228,Katherine,Katherine,Perryn,CPerryn248@yahoo.com.nl
FAN-3943223,Katherine,Katherine,Asbury,Kathryn.Asbury@mail.com.rs
FAN-3949120,Katherine,Catherine,Ketteridge,Katherine_Ketteridge@yahoo.com.fr
FAN-3954535,Katherine,Kathryn,Stopforth,KStopforth185@outlook.com.nl
FAN-3959601,Lily,Lilly,Iacovides,LIacovides121@outlook.com.ru
FAN-3961981,Lily,Lillie,Coton,Lili_Coton@hotmail.com.pl
FAN-3982094,Lily,Lily,Feveryear,Lillie_Feveryear@gmail.com.ch
FAN-3984236,Lily,Lily,O'Reilly,Lily_O'Reilly@yahoo.com
FAN-3991804,Madison,Madisyn,Huntley,Maddison.Huntley@mail.com
FAN-3992782,Madison,Maddison,Knappitt,MKnappitt100@apple.com.it
FAN-4006863,Madison,Madison,Cast,Madyson_Cast@gmail.com.at
FAN-4039618,Madison,Madison,Ridler,Madyson_Ridler@aol.com.at
FAN-4052700,Matthew,Mathew,Balloch,MBalloch156@outlook.com.jp
FAN-4064652,Matthew,Mateo,Bradwell,MBradwell1@apple.com.ru
FAN-4071192,Matthew,Matthew,Melland,MMelland238@apple.com.ru
FAN-4106602,Matthew,Matthieu,Beat,MBeat26@outlook.com
FAN-4114651,Michael,Mikel,Isherwood,Michal_Isherwood@yahoo.com
FAN-4178110,Michael,Michal,Widdison,MWiddison150@outlook.com.fr
FAN-4249771,Michael,Mikael,Walter,MWalter138@yahoo.com.cz
FAN-4256097,Michael,Michael,Robottom,Mikael_Robottom@hotmail.com.es
FAN-4260800,Olivia,Alyvia,Zuker,Alivia_Zuker@aol.com.kr
FAN-4271837,Olivia,Olyvia,Haggarth,Alivia_Haggarth@aol.com.pl
FAN-4288380,Olivia,Olyvia,Cardoo,OCardoo189@outlook.com.es
FAN-4366191,Olivia,Olivia,Mustoo,Alivia_Mustoo@aol.com
FAN-4417821,Samuel,Samuell,Trowell,Samuell_Trowell@aol.com
FAN-4443492,Samuel,Samuell,Luety,SLuety4@yahoo.com.es
FAN-4473215,Samuel,Samuell,Dumbrall,SDumbrall121@outlook.com
FAN-4487222,Samuel,Samuelito,Moppett,SMoppett249@gmail.com.es
FAN-4493681,Sophia,Sophia,Beszant,Soffia_Beszant@hotmail.com
FAN-4502391,Sophia,Sofiya,Presidey,SPresidey206@gmail.com
FAN-4507538,Sophia,Sofiya,Fooks,Sofia_Fooks@hotmail.com.se
FAN-4546736,Sophia,Sofia,Douris,Sofiya_Douris@hotmail.com.ar
FAN-4585835,William,William,Jones,William_Jones@hotmail.com.kw
FAN-4609141,William,William,Gabitis,Willem_Gabitis@hotmail.com.se
FAN-4621006,William,William,Gynni,William_Gynni@gmail.com.ca
FAN-4624515,William,William,Dewick,GDewick212@apple.com
FAN-4631058,Abigail,Abbigail,Goodley,Abigayle.Goodley@mail.com.pt
FAN-4648879,Abigail,Abigale,Cinnamond,ACinnamond233@yahoo.com.pt
FAN-4653087,Abigail,Abigail,Tourry,ATourry141@apple.com.fi
FAN-4694466,Abigail,Abigale,Jouandet,Abigayle_Jouandet@aol.com.uk
FAN-4748204,Aiden,Ayden,Ox,Ayden_Ox@gmail.com.de
FAN-4760490,Aiden,Aidan,Gritskov,Aiden_Gritskov@aol.com.be
FAN-4774750,Aiden,Aidan,Sparsholt,Aidan_Sparsholt@yahoo.com.it
FAN-4786451,Aiden,Ayden,Guinan,Aidan_Guinan@gmail.com.ae
FAN-4794615,Alexander,Aleksander,Attwoull,AAttwoull247@outlook.com.fr
FAN-4812257,Alexander,Alaxander,Ivashkov,AIvashkov20@apple.com.se
FAN-4816003,Alexander,Alexzander,Juckes,AJuckes36@gmail.com
FAN-4821689,Alexander,Alexander,Dinsdale,Alexander_Dinsdale@yahoo.com.nl
FAN-4846480,Andrew,Andreas,Cullingford,ACullingford67@apple.com.ca
FAN-4856255,Andrew,Andre,Brodley,ABrodley194@apple.com.at
FAN-4876744,Andrew,Andrey,Silversmid,Andreas_Silversmid@yahoo.com
FAN-4899454,Andrew,Andreas,Acey,AAcey69@gmail.com.uk
FAN-4912460,Benjamin,Benjamen,Searby,Benjamin_Searby@aol.com.ru
FAN-4931307,Benjamin,Ben,Chiechio,BChiechio115@outlook.com.be
FAN-4935652,Benjamin,Ben,Turland,Bennjamin_Turland@hotmail.com.kr
FAN-4945909,Benjamin,Benjamin,Boriston,BBoriston75@gmail.com.uk
FAN-4961949,Chloe,Chloe,Borrill,Cleo.Borrill@mail.com.dk
FAN-4979379,Chloe,Chloe,Devita,Cloe_Devita@hotmail.com.es
FAN-5011491,Chloe,Khloe,Collingridge,KCollingridge194@yahoo.com.es
FAN-5012641,Chloe,Khloe,Walch,CWalch163@apple.com.ca
FAN-5021721,Christopher,Kristopher,Extil,Christophe_Extil@gmail.com
FAN-5044681,Christopher,Christopher,Nisby,Krystoffer_Nisby@hotmail.com.pt
FAN-5092760,Christopher,Christopher,Pellitt,Christopher.Pellitt@mail.com
FAN-5094783,Christopher,Krystoffer,Warland,Christophe_Warland@hotmail.com.kr
FAN-5102264,Daniel,Danial,Houseago,Danial_Houseago@gmail.com.es
FAN-5108571,Daniel,Dan,Oyley,Daniel_Oyley@aol.com.hu
FAN-5108806,Daniel,Daniel,Boldero,Daniell_Boldero@aol.com.jp
FAN-5135309,Daniel,Dan,Discombe,Dan_Discombe@hotmail.com.de
FAN-5177054,Elizabeth,Lizbeth,Smees,Elisabeth_Smees@hotmail.com.pt
FAN-5194773,Elizabeth,Elisabeth,Esposita,Elizabith_Esposita@aol.com.es
FAN-5213371,Elizabeth,Lizbeth,Percival,Elisabeth_Percival@hotmail.com
FAN-5241210,Elizabeth,Elisabeth,Loffel,LLoffel32@yahoo.com
FAN-5296137,Emily,Emalee,Hendin,EHendin201@gmail.com
FAN-5337461,Emily,Emalee,Buxton,Emalee_Buxton@hotmail.com
FAN-5338519,Emily,Amelie,Geraudel,EGeraudel86@yahoo.com
FAN-5346857,Emily,Emalee,Gisburn,EGisburn60@yahoo.com.fi
FAN-5380231,Emma,Emm,Sheers,ESheers231@gmail.com
FAN-5404908,Emma,Ema,Lefwich,ELefwich222@apple.com.uk
FAN-5424532,Emma,Emmah,Hannabus,EHannabus30@apple.com
FAN-5429490,Emma,Ema,Arrington,Emma_Arrington@hotmail.com
FAN-5452841,Ethan,Eitan,Vautier,Eitan_Vautier@hotmail.com.nl
FAN-5475271,Ethan,Ethen,Treske,Eitan_Treske@aol.com
FAN-5518568,Ethan,Ethen,Tireman,ETireman43@apple.com.ae
FAN-5532874,Ethan,Eitan,Phinn,EPhinn161@apple.com.uk
FAN-5549789,Grace,Greys,Stucke,Grace.Stucke@mail.com.ru
FAN-5577886,Grace,Greys,McPolin,GMcPolin67@yahoo.com.es
FAN-5580824,Grace,Gracie,Geane,GGeane193@apple.com.ru
FAN-5582393,Grace,Grayce,Keers,GKeers161@apple.com
FAN-5616515,Isabella,Isabella,Gilchrist,Isabella_Gilchrist@aol.com.fr
FAN-5630273,Isabella,Isabela,Nazareth,Ysabella_Nazareth@gmail.com.ca
FAN-5641799,Isabella,Izabella,Andreu,Isabela_Andreu@hotmail.com
FAN-5646890,Isabella,Izabella,Ruselin,Isabela_Ruselin@aol.com
FAN-5682181,James,Jaymz,Bedham,JBedham73@apple.com.be
FAN-5684079,James,Jaymes,Batter,JBatter57@outlook.com.br
FAN-5698447,James,Jaymes,Billison,James_Billison@hotmail.com.hr
FAN-5711714,James,Jaymes,Sharrock,JSharrock179@yahoo.com.es
FAN-5716145,Joseph,Josif,Pybworth,JPybworth82@gmail.com.br
FAN-5719268,Joseph,Josef,Huke,Josef_Huke@aol.com.pt
FAN-5725845,Joseph,Joseph,Crisell,Josif_Crisell@gmail.com.it
FAN-5733546,Joseph,Josif,Dillet,JDillet147@apple.com.uk
FAN-5794849,Katherine,Kathryn,Fawlks,KFawlks232@outlook.com.nl
FAN-5842090,Katherine,Katarina,Vasilov,KVasilov100@apple.com
FAN-5846137,Katherine,Katarina,Turmell,KTurmell238@yahoo.com.de
FAN-5857056,Katherine,Kathryn,Platfoot,Catherine_Platfoot@aol.com.de
FAN-5891463,Lily,Lillie,Honniebal,Lili_Honniebal@hotmail.com.es
FAN-5965623,Lily,Lily,Corbally,LCorbally21@yahoo.com.jp
FAN-5974286,Lily,Lili,Fullerton,Lilly_Fullerton@yahoo.com
FAN-5994508,Lily,Lily,Isack,Lilly_Isack@gmail.com.gr
FAN-6026267,Madison,Madisyn,Ridhole,Madisyn_Ridhole@yahoo.com.br
FAN-6038732,Madison,Madisyn,Leithgoe,Madison_Leithgoe@yahoo.com.es
FAN-6069281,Madison,Madisyn,Organer,Madisyn_Organer@aol.com.br
FAN-6081319,Madison,Madison,Dolley,Maddison.Dolley@mail.com.ch
FAN-6120777,Matthew,Mathew,Acres,Mathew_Acres@yahoo.com.fi
FAN-6159792,Matthew,Mathew,Amberson,MAmberson97@apple.com.it
FAN-6175585,Matthew,Mathew,Geaves,MGeaves192@outlook.com.pt
FAN-6181985,Matthew,Matthew,Klesse,MKlesse83@outlook.com
FAN-6192922,Michael,Michael,Noller,Mikel_Noller@aol.com.at
FAN-6213345,Michael,Mikael,Chiechio,Michael_Chiechio@gmail.com.dk
FAN-6217413,Michael,Mikel,Robley,MRobley143@apple.com
FAN-6217465,Michael,Mikael,Ridder,Mikael_Ridder@hotmail.com
FAN-6246845,Olivia,Alivia,Wardhaw,AWardhaw80@yahoo.com.dk
FAN-6274921,Olivia,Alivia,A'Barrow,Olivia_A'Barrow@gmail.com.fr
FAN-6285208,Olivia,Alivia,Jones,Alyvia_Jones@yahoo.com.fr
FAN-6312582,Olivia,Alivia,Bodega,Olyvia_Bodega@yahoo.com.de
FAN-6313568,Samuel,Sam,Georgeon,Samuell_Georgeon@hotmail.com.fr
FAN-6320785,Samuel,Samuelito,Atton,SAtton80@apple.com
FAN-6322324,Samuel,Samuelito,Hulett,Sam_Hulett@gmail.com.cz
FAN-6326306,Samuel,Sam,Ticehurst,STicehurst183@gmail.com.ca
FAN-6401003,Sophia,Sophia,Sobtka,SSobtka39@outlook.com.fr
FAN-6403070,Sophia,Sofia,Haws,SHaws99@yahoo.com.uk
FAN-6429699,Sophia,Soffia,Forkan,Sophia_Forkan@gmail.com.br
FAN-6443902,Sophia,Soffia,Flockhart,Sofiya_Flockhart@yahoo.com
FAN-6446029,William,William,Geekie,WGeekie125@yahoo.com.de
FAN-6452215,William,Will,McKaile,WMcKaile220@yahoo.com.hu
FAN-6556632,William,Willem,Trevena,Willem_Trevena@hotmail.com
FAN-6556996,William,Willem,Zelley,Guillermo_Zelley@gmail.com.kr
FAN-6563416,Abigail,Abigayle,Airton,AAirton32@apple.com.fr
FAN-6588568,Abigail,Abbigail,Mills,Abigale_Mills@hotmail.com.jp
FAN-6609153,Abigail,Abigayle,Bengoechea,ABengoechea153@outlook.com
FAN-6610302,Abigail,Abigale,Thoresbie,Abbigail_Thoresbie@yahoo.com.it
FAN-6611727,Aiden,Aidan,Reisenstein,Aidan_Reisenstein@yahoo.com.jp
FAN-6612908,Aiden,Adan,Baumert,Ayden_Baumert@aol.com.dk
FAN-6619778,Aiden,Aidan,Penwarden,Aidan_Penwarden@hotmail.com.de
FAN-6632248,Aiden,Adan,Gonsalo,AGonsalo238@yahoo.com.es
FAN-6641977,Alexander,Aleksander,Harbert,AHarbert181@outlook.com
FAN-6663233,Alexander,Alexzander,Sextie,Alexander_Sextie@hotmail.com.es
FAN-6692229,Alexander,Aleksander,Isaq,Aleksander_Isaq@gmail.com.uk
FAN-6710162,Alexander,Aleksander,Lokier,Alaxander_Lokier@gmail.com.es
FAN-6710556,Andrew,Andre,Townsend,Andreas_Townsend@yahoo.com.sg
FAN-6712707,Andrew,Andrew,McVicker,AMcVicker222@outlook.com.cz
FAN-6719098,Andrew,Andrey,Alekseicik,Andre.Alekseicik@mail.com.ca
FAN-6773409,Andrew,Andre,Hitter,Andreas_Hitter@hotmail.com.it
FAN-6797746,Benjamin,Benjamen,Batistelli,BBatistelli216@yahoo.com.de
FAN-6806240,Benjamin,Benjamen,Ruddle,BRuddle141@apple.com
FAN-6806930,Benjamin,Bennjamin,Petschel,Ben.Petschel@mail.com
FAN-6841199,Benjamin,Ben,Exposito,Ben_Exposito@aol.com
FAN-6851460,Chloe,Khloe,Dederick,KDederick245@outlook.com.fr
FAN-6868722,Chloe,Cloe,Docherty,Chloe_Docherty@gmail.com
FAN-6879382,Chloe,Cleo,Klaff,KKlaff213@gmail.com.es
FAN-6884009,Chloe,Cleo,Wornum,CWornum82@apple.com.pt
FAN-6923316,Christopher,Kristopher,Knapper,CKnapper237@yahoo.com
FAN-6969291,Christopher,Christopher,Chiechio,Christopher_Chiechio@yahoo.com
FAN-6991462,Christopher,Krystoffer,Arnaudon,Kristopher_Arnaudon@gmail.com.mx
FAN-7007002,Christopher,Kristopher,Flude,Christophe_Flude@hotmail.com
FAN-7032518,Daniel,Danial,Bartell,Dan_Bartell@aol.com.uk
FAN-7033922,Daniel,Dan,Fitzgerald,Daniel_Fitzgerald@hotmail.com.pt
FAN-7079135,Daniel,Danial,Posnette,Daniell_Posnette@yahoo.com.nl
FAN-7083006,Daniel,Daniell,Senner,Danial_Senner@aol.com.kr
FAN-7106045,Elizabeth,Elisabeth,Bather,EBather27@yahoo.com.gr
FAN-7113971,Elizabeth,Elisabeth,Belleny,EBelleny117@outlook.com.se
FAN-7127838,Elizabeth,Elizabith,Bouttell,Elizabeth_Bouttell@aol.com.fr
FAN-7146245,Elizabeth,Elisabeth,Tennet,LTennet226@outlook.com.cn
FAN-7160701,Emily,Emmaleigh,Ebi,AEbi150@apple.com.at
FAN-7165972,Emily,Emmaleigh,Kaufman,EKaufman246@apple.com.kr
FAN-7196370,Emily,Emmaleigh,Berthot,Emmaleigh_Berthot@gmail.com.nl
FAN-7216049,Emily,Emmaleigh,Bolver,Emmaleigh.Bolver@mail.com.bg
FAN-7222926,Emma,Emma,Castanares,ECastanares9@outlook.com.ru
FAN-7227009,Emma,Emma,Pomroy,Emmah_Pomroy@gmail.com.kr
FAN-7237221,Emma,Emma,Florey,Emmah_Florey@hotmail.com.fr
FAN-7258700,Emma,Emm,Bentzen,EBentzen179@gmail.com.de
FAN-7265098,Ethan,Athan,Baitey,Ethen_Baitey@hotmail.com
FAN-7276113,Ethan,Athan,Sine,Athan_Sine@yahoo.com.es
FAN-7332220,Ethan,Ethan,Fifield,EFifield204@outlook.com.jp
FAN-7337276,Ethan,Ethan,Kirkham,EKirkham69@gmail.com
FAN-7393798,Grace,Grayce,MacAlees,Gracie_MacAlees@gmail.com.gr
FAN-7398051,Grace,Grayce,Bingley,GBingley234@gmail.com
FAN-7398975,Grace,Gracie,Hefferon,Grace_Hefferon@hotmail.com.ca
FAN-7404798,Grace,Grace,Gee,Grayce_Gee@aol.com
FAN-7405266,Isabella,Isabela,Purton,Izabella.Purton@mail.com.uk
FAN-7409534,Isabella,Izabella,Spottiswoode,Isabella_Spottiswoode@hotmail.com.ar
FAN-7419788,Isabella,Isabela,Finicj,Izabella_Finicj@hotmail.com
FAN-7430898,Isabella,Izabella,Hassen,Ysabella_Hassen@hotmail.com.it
FAN-7460020,James,James,Cranshaw,Jaymz_Cranshaw@hotmail.com.es
FAN-7468232,James,Jaymz,Whatling,JWhatling228@apple.com.jp
FAN-7471670,James,Jaims,Shuttlewood,Jaymz_Shuttlewood@aol.com
FAN-7472458,James,James,Downe,JDowne104@apple.com.de
FAN-7491155,Joseph,Josef,Burg,JBurg237@yahoo.com
FAN-7495136,Joseph,Josef,Roddell,Josif.Roddell@mail.com.pt
FAN-7560477,Joseph,Josef,Lease,JLease166@yahoo.com.br
FAN-7575571,Joseph,Josef,Schiefersten,Josif_Schiefersten@hotmail.com.se
FAN-7603796,Katherine,Kathryn,Bengoechea,Kathryn_Bengoechea@hotmail.com.jp
FAN-7666021,Katherine,Kathryn,Bushe,KBushe43@outlook.com.ch
FAN-7723409,Katherine,Katherine,Kisbee,KKisbee232@yahoo.com.it
FAN-7778109,Katherine,Kathryn,Usherwood,Katherine.Usherwood@mail.com.co
FAN-7778510,Lily,Lilly,McCahey,Lillie_McCahey@hotmail.com.fr
FAN-7830774,Lily,Lillie,Osler,LOsler38@outlook.com.de
FAN-7833074,Lily,Lili,MacGillavery,LMacGillavery81@yahoo.com.jp
FAN-7834184,Lily,Lili,Camus,Lilly_Camus@hotmail.com.de
FAN-7834466,Madison,Madisyn,Zucker,Madyson_Zucker@yahoo.com.mx
FAN-7870436,Madison,Maddison,Dibdale,MDibdale117@gmail.com.no
FAN-7886505,Madison,Maddison,Vautier,Madison_Vautier@gmail.com.es
FAN-7917767,Madison,Madison,Ierland,Madisyn_Ierland@aol.com.uk
FAN-7923265,Matthew,Matthieu,Ferron,Matthieu_Ferron@hotmail.com.jp
FAN-7939695,Matthew,Mathew,Lathaye,Matthieu_Lathaye@yahoo.com.ar
FAN-8052991,Matthew,Matthew,Luard,MLuard208@yahoo.com.es
FAN-8078831,Matthew,Matthieu,Brumham,Mathew_Brumham@gmail.com.uk
FAN-8080002,Michael,Mikel,Linfield,Mikael_Linfield@gmail.com
FAN-8090324,Michael,Michal,Reford,Michal_Reford@hotmail.com
FAN-8107529,Michael,Michal,Kristoffersson,MKristoffersson202@yahoo.com.uk
FAN-8143164,Michael,Mikael,Tennet,Mikael_Tennet@aol.com.gr
FAN-8145102,Olivia,Alivia,Hembrow,Olivia_Hembrow@gmail.com.be
FAN-8155684,Olivia,Alyvia,Kwiek,AKwiek157@apple.com.ca
FAN-8158333,Olivia,Alivia,Renfield,Olivia_Renfield@hotmail.com.gr
FAN-8182403,Olivia,Olyvia,Tomaszek,Alyvia_Tomaszek@hotmail.com.ar
FAN-8198382,Samuel,Samuell,Vardey,Samuel.Vardey@mail.com
FAN-8252780,Samuel,Samuelito,MacLucais,Samuel_MacLucais@hotmail.com
FAN-8259192,Samuel,Samuel,Wolfarth,SWolfarth44@outlook.com.fr
FAN-8293439,Samuel,Samuelito,Buie,Sam_Buie@aol.com.cn
FAN-8366014,Sophia,Sofiya,McBrearty,Sofiya.McBrearty@mail.com.br
FAN-8379456,Sophia,Sophia,Falls,Sophia.Falls@mail.com
FAN-8391028,Sophia,Sophia,Royce,Sofia_Royce@hotmail.com.it
FAN-8396198,Sophia,Sofiya,Neave,Soffia_Neave@gmail.com.hr
FAN-8425559,William,Guillermo,Gartsyde,Will_Gartsyde@hotmail.com.au
FAN-8432214,William,Willem,Prowse,Guillermo_Prowse@gmail.com.it
FAN-8476294,William,Will,Whiskerd,Will_Whiskerd@yahoo.com.pt
FAN-8492379,William,Willem,Divine,WDivine101@gmail.com.ca
FAN-8495678,Abigail,Abbigail,Watling,Abbigail_Watling@hotmail.com.es
FAN-8500853,Abigail,Abigale,Attwool,AAttwool32@yahoo.com.es
FAN-8546429,Abigail,Abigale,Furmagier,AFurmagier212@gmail.com.no
FAN-8564819,Abigail,Abbigail,Danher,ADanher149@gmail.com
FAN-8573412,Aiden,Adan,Barenskie,ABarenskie79@yahoo.com.ch
FAN-8583850,Aiden,Aiden,Lathaye,Aidan_Lathaye@gmail.com.fi
FAN-8591059,Aiden,Ayden,Horning,Ayden_Horning@hotmail.com.ca
FAN-8622033,Aiden,Ayden,Sartin,ASartin8@outlook.com.au
FAN-8629846,Alexander,Alexzander,Gerssam,Alexzander_Gerssam@hotmail.com
FAN-8641093,Alexander,Aleksander,Worvell,Alexander_Worvell@gmail.com.uk
FAN-8641535,Alexander,Alexzander,Wisniewski,Alexzander_Wisniewski@yahoo.com
FAN-8675384,Alexander,Alexander,Eddington,Alaxander_Eddington@aol.com
FAN-8677815,Andrew,Andrew,McAusland,AMcAusland168@apple.com
FAN-8696017,Andrew,Andreas,O'Kinedy,AO'Kinedy207@yahoo.com.pt
FAN-8703655,Andrew,Andrew,Crut,ACrut165@yahoo.com.es
FAN-8706494,Andrew,Andreas,Bellon,ABellon63@yahoo.com.nl
FAN-8712304,Benjamin,Benjamen,Standall,Ben.Standall@mail.com
FAN-8716664,Benjamin,Bennjamin,Mullin,Bennjamin.Mullin@mail.com.nl
FAN-8731197,Benjamin,Benjamin,Nulty,Ben_Nulty@hotmail.com.pt
FAN-8731778,Benjamin,Benjamin,Rockwell,Bennjamin.Rockwell@mail.com.pt
FAN-8737687,Chloe,Cleo,Jessett,CJessett173@gmail.com
FAN-8743159,Chloe,Cleo,Grantham,Cleo_Grantham@gmail.com.jp
FAN-8771501,Chloe,Cleo,Durand,Cloe_Durand@aol.com.ch
FAN-8780478,Chloe,Khloe,Riccetti,KRiccetti130@yahoo.com.ro
FAN-8801867,Christopher,Kristopher,McCumskay,Christophe_McCumskay@yahoo.com.qa
FAN-8832440,Christopher,Kristopher,Reyburn,CReyburn210@yahoo.com
FAN-8841312,Christopher,Christophe,Kinker,Kristopher_Kinker@yahoo.com.de
FAN-8850457,Christopher,Krystoffer,Lace,Kristopher_Lace@yahoo.com
FAN-8877754,Daniel,Daniell,Castelletto,Danial.Castelletto@mail.com.ch
FAN-8894871,Daniel,Daniell,Dumini,Danial_Dumini@hotmail.com.it
FAN-8905198,Daniel,Daniel,Floodgate,Danial_Floodgate@gmail.com.ua
FAN-8945561,Daniel,Dan,Leadstone,DLeadstone169@gmail.com
FAN-8957898,Elizabeth,Elizabeth,Paler,Elisabeth.Paler@mail.com.sk
FAN-8971591,Elizabeth,Elisabeth,Ellissen,EEllissen14@outlook.com
FAN-8994678,Elizabeth,Lizbeth,Angus,EAngus138@yahoo.com.eg
FAN-9001272,Elizabeth,Elisabeth,Gebbe,Elizabeth_Gebbe@yahoo.com
FAN-9006656,Emily,Emily,Colles,EColles32@outlook.com.ar
FAN-9065391,Emily,Emmaleigh,Loadwick,Amelie_Loadwick@hotmail.com.de
FAN-9091170,Emily,Emily,Mizzen,EMizzen38@yahoo.com.it
FAN-9092701,Emily,Emalee,Grantham,Emalee_Grantham@yahoo.com.de
FAN-9130200,Emma,Emmah,Abramino,EAbramino223@outlook.com.at
FAN-9135566,Emma,Emm,MacCoughan,Emmah_MacCoughan@hotmail.com.de
FAN-9144735,Emma,Ema,Coogan,ECoogan219@yahoo.com
FAN-9239338,Emma,Emm,Dillingston,EDillingston135@outlook.com.no
FAN-9243232,Ethan,Ethan,Simony,Ethan_Simony@hotmail.com
FAN-9245915,Ethan,Eitan,Jirusek,EJirusek52@yahoo.com
FAN-9248524,Ethan,Ethan,Braxay,EBraxay207@yahoo.com
FAN-9255968,Ethan,Ethen,Shirrell,EShirrell182@apple.com.fr
FAN-9265629,Grace,Grayce,Ekkel,Gracie_Ekkel@gmail.com.pl
FAN-9308199,Grace,Greys,MacCoughan,Grace_MacCoughan@aol.com
FAN-9376033,Grace,Greys,McCullagh,GMcCullagh82@apple.com.bg
FAN-9378596,Grace,Grace,Gebbe,Greys_Gebbe@hotmail.com.au
FAN-9384303,Isabella,Izabella,Gabitis,Izabella_Gabitis@hotmail.com.se
FAN-9396617,Isabella,Isabela,Royds,Isabella_Royds@hotmail.com
FAN-9398170,Isabella,Izabella,Randales,IRandales235@gmail.com.fr
FAN-9411625,Isabella,Izabella,Killingsworth,Ysabella_Killingsworth@gmail.com.be
FAN-9425182,James,James,McCuish,JMcCuish98@outlook.com
FAN-9432595,James,James,Exposito,JExposito140@yahoo.com.fr
FAN-9445680,James,Jaymes,Normanvill,James_Normanvill@aol.com
FAN-9454297,James,Jaims,Dunnan,Jaymz_Dunnan@hotmail.com.dk
FAN-9485968,Joseph,Jozef,Pinches,JPinches74@gmail.com.pt
FAN-9526001,Joseph,Josif,Rosin,JRosin103@yahoo.com.de
FAN-9544449,Joseph,Jozef,Norman,Joseph_Norman@hotmail.com.mx
FAN-9606728,Joseph,Josif,Tesimon,Jozef_Tesimon@hotmail.com.fr
FAN-9609644,Katherine,Katarina,Burtwistle,Kathryn_Burtwistle@hotmail.com.uk
FAN-9612931,Katherine,Kathryn,Emnoney,Katherine_Emnoney@yahoo.com.cz
FAN-9660505,Katherine,Kathryn,Hembrow,Catherine.Hembrow@mail.com.ru
FAN-9664582,Katherine,Katarina,Cholton,Kathryn.Cholton@mail.com.tr
FAN-9699213,Lily,Lillie,Handyside,LHandyside7@gmail.com
FAN-9701199,Lily,Lily,Duffin,Lilly_Duffin@aol.com.pl
FAN-9704369,Lily,Lilly,Allewell,Lily.Allewell@mail.com.es
FAN-9708177,Lily,Lillie,Sargison,LSargison171@gmail.com.sk
FAN-9732021,Madison,Maddison,Oldman,MOldman140@apple.com.es
FAN-9733696,Madison,Madyson,Poles,Madyson_Poles@hotmail.com.uk
FAN-9743416,Madison,Madison,Elloway,Madison_Elloway@gmail.com.ua
FAN-9753719,Madison,Madisyn,Coggan,Madyson_Coggan@hotmail.com.es
FAN-9768711,Matthew,Matthieu,Bodega,Mathew_Bodega@hotmail.com.fr
FAN-9776469,Matthew,Mateo,Picton,Mathew_Picton@aol.com.ch
FAN-9779268,Matthew,Matthieu,Askie,MAskie143@yahoo.com
FAN-9783885,Matthew,Mateo,Josupeit,Matthew_Josupeit@aol.com.de
FAN-9794581,Michael,Mikael,Smithson,MSmithson64@yahoo.com.fr
FAN-9795274,Michael,Mikel,Rosenbaum,Michal_Rosenbaum@hotmail.com.de
FAN-9816331,Michael,Mikel,Borne,MBorne119@apple.com
FAN-9827189,Michael,Mikael,Brownsword,MBrownsword120@gmail.com.es
FAN-9834315,Olivia,Alyvia,Pirri,Alyvia_Pirri@hotmail.com.fr
FAN-9847724,Olivia,Alyvia,Cadlock,Olivia_Cadlock@hotmail.com
FAN-9859192,Olivia,Olivia,Causnett,Alyvia_Causnett@hotmail.com.uk
FAN-9886517,Olivia,Olyvia,Cruickshank,ACruickshank0@yahoo.com.be
FAN-9901729,Samuel,Samuelito,Mendes,Samuelito_Mendes@yahoo.com.es
FAN-9910621,Samuel,Samuel,Flatt,Samuell.Flatt@mail.com.ar
FAN-9913759,Samuel,Samuelito,Rigeby,SRigeby168@apple.com
FAN-9915193,Samuel,Samuell,Dethloff,Samuel_Dethloff@hotmail.com
FAN-9915318,Sophia,Sofia,Burg,Soffia_Burg@yahoo.com
FAN-9925460,Sophia,Sofiya,Gee,Sophia_Gee@hotmail.com
FAN-9927994,Sophia,Sofiya,McMakin,Soffia_McMakin@gmail.com.ca
FAN-9951084,Sophia,Sophia,Bolmann,SBolmann24@gmail.com.es
FAN-9953546,William,Will,Pavel,Will_Pavel@aol.com
FAN-9956275,William,Will,Sircomb,WSircomb245@outlook.com
FAN-9958480,William,Guillermo,Aslum,William_Aslum@aol.com.jp
FAN-9992068,William,Willem,Thomann,William_Thomann@hotmail.com.ca