FanId,Source FN,first_name,last_name,Email
FAN-1029453,Abigail,Abigale,Torpie,Abigale_Torpie@hotmail.com.uk
FAN-1031599,Abigail,Abbigail,Penkman,APenkman94@apple.com.sa
FAN-1051279,Abigail,Abigayle,Boulton,ABoulton215@outlook.com.jp
FAN-1071081,Abigail,Abbigail,Eagell,AEagell100@outlook.com.eg
FAN-1077692,Aiden,Aidan,Braune,Aidan_Braune@aol.com.it
FAN-1080305,Aiden,Ayden,Walsom,Ayden_Walsom@hotmail.com.tr
FAN-1118908,Aiden,Adan,Blaise,Adan_Blaise@aol.com
FAN-1139477,Aiden,Ayden,Brownsey,Ayden_Brownsey@yahoo.com.ar
FAN-1173911,Alexander,Alexander,Bester,Alexander_Bester@gmail.com
FAN-1175288,Alexander,Alaxander,Scotti,Alaxander_Scotti@aol.com.de
FAN-1234078,Alexander,Alexzander,Liccardi,Alexzander_Liccardi@gmail.com
FAN-1239497,Alexander,Alexander,Pinchbeck,Alexander_Pinchbeck@hotmail.com.nl
FAN-1260526,Andrew,Andrew,Sogg,Andrew_Sogg@yahoo.com.de
FAN-1280995,Andrew,Andreas,Daftor,Andreas_Daftor@hotmail.com
FAN-1290448,Andrew,Andrey,Bosden,Andrey_Bosden@aol.com
FAN-1291177,Andrew,Andreas,holmes,Andreas_holmes@hotmail.com.hu
FAN-1293049,Benjamin,Benjamen,Harower,Benjamen_Harower@yahoo.com.de
FAN-1293887,Benjamin,Benjamen,Van den Hof,Benjamen_Van den Hof@gmail.com.gr
FAN-1306732,Benjamin,Benjamin,Warde,Benjamin_Warde@aol.com
FAN-1363046,Benjamin,Ben,Swane,Ben_Swane@aol.com
FAN-1372955,Chloe,Khloe,Duffin,KDuffin167@apple.com.fr
FAN-1389636,Chloe,Chloe,Baxstar,Chloe_Baxstar@hotmail.com.ar
FAN-1394118,Chloe,Khloe,Baynton,Khloe_Baynton@hotmail.com.uk
FAN-1411626,Chloe,Chloe,Guinan,Chloe_Guinan@yahoo.com.be
FAN-1447620,Christopher,Krystoffer,Myall,KMyall109@gmail.com.uk
FAN-1502535,Christopher,Krystoffer,Gook,Krystoffer_Gook@hotmail.com.uk
FAN-1509417,Christopher,Kristopher,Magee,Kristopher_Magee@hotmail.com.fr
FAN-1525316,Christopher,Christophe,Atack,CAtack167@yahoo.com
FAN-1543489,Daniel,Danial,Dikels,DDikels73@outlook.com
FAN-1545374,Daniel,Danial,Bilbrook,Danial_Bilbrook@gmail.com
FAN-1545810,Daniel,Danial,Hankey,Danial_Hankey@hotmail.com.ar
FAN-1570540,Daniel,Danial,Purbrick,Danial_Purbrick@aol.com.gr
FAN-1577132,Elizabeth,Elizabeth,Filippov,Elizabeth_Filippov@gmail.com.mx
FAN-1582928,Elizabeth,Lizbeth,Standeven,Lizbeth_Standeven@aol.com.ch
FAN-1609646,Elizabeth,Lizbeth,Shirrell,LShirrell171@apple.com.ca
FAN-1613492,Elizabeth,Elisabeth,Vedenyapin,Elisabeth_Vedenyapin@yahoo.com.mx
FAN-1654512,Emily,Emmaleigh,Cessford,Emmaleigh_Cessford@aol.com
FAN-1690386,Emily,Amelie,Josephi,Amelie_Josephi@hotmail.com.es
FAN-1700571,Emily,Emalee,Vallery,EVallery215@yahoo.com.kr
FAN-1733338,Emily,Emily,Melladew,EMelladew91@apple.com.ca
FAN-1747986,Emma,Emm,Pitson,EPitson18@outlook.com
FAN-1773000,Emma,Ema,Lydden,ELydden120@gmail.com.uk
FAN-1793957,Emma,Emma,Brunsen,EBrunsen108@apple.com
FAN-1794102,Emma,Emma,Stritton,Emma_Stritton@hotmail.com
FAN-1797243,Ethan,Ethen,Grigolon,EGrigolon57@yahoo.com.jp
FAN-1799995,Ethan,Eitan,Legge,Eitan_Legge@aol.com.fr
FAN-1822456,Ethan,Ethen,Coggan,Ethen_Coggan@aol.com.kr
FAN-1837426,Ethan,Athan,Faragher,Athan_Faragher@gmail.com.pt
FAN-1864252,Grace,Greys,Armit,GArmit80@gmail.com.fr
FAN-1868430,Grace,Grace,Gentzsch,Grace_Gentzsch@hotmail.com.pl
FAN-1870592,Grace,Grayce,Netherclift,Grayce_Netherclift@yahoo.com.ru
FAN-1876301,Grace,Greys,Nerheny,Greys_Nerheny@gmail.com.at
FAN-1880545,Isabella,Isabela,Pearce,Isabela_Pearce@hotmail.com.pt
FAN-1881461,Isabella,Isabela,Braddick,IBraddick185@apple.com
FAN-1888427,Isabella,Izabella,Sayre,Izabella.Sayre@mail.com.uk
FAN-1891941,Isabella,Izabella,Hoyles,Izabella_Hoyles@hotmail.com.uk
FAN-1896032,James,Jaymz,Busk,JBusk80@outlook.com.es
FAN-1902015,James,Jaims,Dwire,JDwire181@yahoo.com.no
FAN-1910648,James,Jaims,Jaye,Jaims_Jaye@yahoo.com.pt
FAN-1914303,James,Jaims,Harmes,Jaims_Harmes@gmail.com
FAN-1927587,Joseph,Joseph,Reford,JReford142@gmail.com.ru
FAN-1940543,Joseph,Joseph,Yockley,Joseph_Yockley@hotmail.com
FAN-1949136,Joseph,Jozef,Batistelli,Jozef_Batistelli@aol.com.es
FAN-1958740,Joseph,Josif,Siehard,JSiehard135@outlook.com.uk
FAN-1960402,Katherine,Katherine,Baitey,Katherine_Baitey@yahoo.com.it
FAN-1960602,Katherine,Catherine,Gudge,Catherine_Gudge@hotmail.com
FAN-1972995,Katherine,Kathryn,Grubey,Kathryn_Grubey@yahoo.com.it
FAN-2010151,Katherine,Catherine,Rosenbaum,CRosenbaum176@outlook.com
FAN-2010771,Lily,Lillie,Kinchington,Lillie_Kinchington@gmail.com.hu
FAN-2011048,Lily,Lilly,Camocke,Lilly_Camocke@gmail.com.fr
FAN-2092843,Lily,Lillie,Housbey,Lillie.Housbey@mail.com
FAN-2128618,Lily,Lili,Keech,Lili.Keech@mail.com.gr
FAN-2139863,Madison,Madyson,Radnedge,MRadnedge44@outlook.com.br
FAN-2142178,Madison,Maddison,Cordeux,MCordeux212@apple.com.ro
FAN-2182093,Madison,Maddison,Sayles,Maddison_Sayles@hotmail.com
FAN-2238347,Madison,Madisyn,Whatling,MWhatling190@gmail.com.de
FAN-2244761,Matthew,Matthieu,Ellesmere,MEllesmere209@apple.com.es
FAN-2266113,Matthew,Mateo,Parram,MParram179@outlook.com.de
FAN-2267294,Matthew,Mateo,Hammell,Mateo_Hammell@yahoo.com.uk
FAN-2285564,Matthew,Matthieu,Cresswell,MCresswell38@gmail.com
FAN-2285853,Michael,Michal,Kearn,Michal_Kearn@hotmail.com
FAN-2306653,Michael,Mikael,Spatoni,Mikael_Spatoni@yahoo.com.fr
FAN-2319251,Michael,Mikael,Kellen,MKellen226@yahoo.com
FAN-2373198,Michael,Michael,Atling,Michael.Atling@mail.com.fr
FAN-2381532,Olivia,Olivia,Fominov,Olivia_Fominov@hotmail.com.mx
FAN-2385979,Olivia,Alivia,Tiffin,ATiffin104@yahoo.com.nl
FAN-2390444,Olivia,Olyvia,Collihole,Olyvia_Collihole@hotmail.com.it
FAN-2410974,Olivia,Alyvia,Calbert,Alyvia_Calbert@hotmail.com.sa
FAN-2438043,Samuel,Samuelito,Rawlings,Samuelito_Rawlings@hotmail.com.it
FAN-2453632,Samuel,Samuelito,Oxborough,Samuelito_Oxborough@hotmail.com.cz
FAN-2522326,Samuel,Samuelito,Doby,SDoby163@outlook.com.it
FAN-2584299,Samuel,Samuel,Styant,Samuel_Styant@gmail.com.at
FAN-2585654,Sophia,Sofia,Dreus,Sofia_Dreus@yahoo.com.nl
FAN-2597100,Sophia,Sofia,Van Dijk,Sofia_Van Dijk@gmail.com
FAN-2602971,Sophia,Sophia,Kerridge,Sophia_Kerridge@hotmail.com
FAN-2609599,Sophia,Sophia,Laverty,Sophia_Laverty@aol.com.fr
FAN-2662467,William,Guillermo,Hischke,GHischke236@gmail.com.mx
FAN-2677231,William,Guillermo,Johanchon,Guillermo_Johanchon@gmail.com.de
FAN-2697464,William,William,Phython,WPhython11@yahoo.com
FAN-2697595,William,Guillermo,Sircomb,GSircomb29@apple.com.nl
FAN-2720996,Abigail,Abbigail,Riccetti,Abbigail_Riccetti@hotmail.com.it
FAN-2741024,Abigail,Abigayle,Tyas,Abigayle.Tyas@mail.com.es
FAN-2742716,Abigail,Abigail,Annett,AAnnett50@yahoo.com.nl
FAN-2768906,Abigail,Abbigail,Crabb,ACrabb21@yahoo.com.de
FAN-2792670,Aiden,Aidan,Christer,AChrister222@apple.com.pt
FAN-2799224,Aiden,Ayden,Laffling,Ayden_Laffling@hotmail.com.ca
FAN-2810948,Aiden,Ayden,Sartin,ASartin10@outlook.com
FAN-2811958,Aiden,Aiden,Cush,Aiden_Cush@gmail.com.dk
FAN-2815399,Alexander,Aleksander,McGinney,AMcGinney149@outlook.com.de
FAN-2873227,Alexander,Aleksander,Clarycott,AClarycott0@apple.com.pl
FAN-2912347,Alexander,Aleksander,Navan,ANavan153@yahoo.com.rs
FAN-2934219,Alexander,Alexzander,Dempsey,Alexzander_Dempsey@hotmail.com.es
FAN-2959449,Andrew,Andrey,Ickov,AIckov35@outlook.com
FAN-3003222,Andrew,Andrey,Doby,Andrey_Doby@gmail.com
FAN-3005348,Andrew,Andreas,Luard,Andreas_Luard@hotmail.com.mx
FAN-3007236,Andrew,Andrew,Coton,Andrew_Coton@hotmail.com
FAN-3014429,Benjamin,Benjamen,Douris,BDouris240@apple.com
FAN-3033395,Benjamin,Ben,Badham,Ben_Badham@gmail.com.de
FAN-3046129,Benjamin,Ben,Sherrocks,BSherrocks33@apple.com
FAN-3076198,Benjamin,Benjamen,Wellsman,BWellsman232@gmail.com
FAN-3084374,Chloe,Khloe,Beacham,Khloe_Beacham@hotmail.com.ca
FAN-3098704,Chloe,Khloe,Vest,Khloe.Vest@mail.com.dk
FAN-3100350,Chloe,Chloe,Eagland,CEagland141@yahoo.com
FAN-3101105,Chloe,Cloe,Cloake,CCloake98@outlook.com.es
FAN-3152141,Christopher,Krystoffer,Buddleigh,Krystoffer_Buddleigh@yahoo.com.es
FAN-3187507,Christopher,Christopher,Screaton,Christopher.Screaton@mail.com
FAN-3210151,Christopher,Christophe,Gartell,CGartell133@gmail.com.uk
FAN-3248800,Christopher,Christopher,Eschelle,Christopher.Eschelle@mail.com.co
FAN-3312849,Daniel,Dan,Breeton,DBreeton131@apple.com.uk
FAN-3347106,Daniel,Daniell,Morphet,Daniell.Morphet@mail.com.be
FAN-3383275,Daniel,Daniell,Le Strange,Daniell_Le Strange@hotmail.com.nl
FAN-3386074,Daniel,Danial,Vidler,DVidler111@yahoo.com
FAN-3419281,Elizabeth,Elizabeth,Tivnan,Elizabeth_Tivnan@aol.com.se
FAN-3421186,Elizabeth,Elisabeth,Collecott,Elisabeth_Collecott@yahoo.com.uk
FAN-3433993,Elizabeth,Lizbeth,Haville,Lizbeth_Haville@yahoo.com.hu
FAN-3435455,Elizabeth,Elizabeth,Casham,ECasham76@outlook.com.kw
FAN-3447873,Emily,Emalee,Jereatt,Emalee_Jereatt@hotmail.com
FAN-3453369,Emily,Emmaleigh,Filippov,Emmaleigh_Filippov@gmail.com.ca
FAN-3454038,Emily,Amelie,Perford,Amelie.Perford@mail.com
FAN-3480833,Emily,Emalee,Skipp,Emalee_Skipp@hotmail.com
FAN-3503668,Emma,Emma,Lorie,Emma.Lorie@mail.com
FAN-3535469,Emma,Emm,Aslum,EAslum36@outlook.com.kr
FAN-3540412,Emma,Ema,O'Roan,EO'Roan81@yahoo.com
FAN-3546849,Emma,Emma,Fretwell,Emma_Fretwell@aol.com.fr
FAN-3556696,Ethan,Ethan,McGarrie,EMcGarrie101@gmail.com.fr
FAN-3563123,Ethan,Eitan,Smalley,Eitan_Smalley@yahoo.com
FAN-3566269,Ethan,Eitan,Hobbert,EHobbert136@gmail.com
FAN-3574508,Ethan,Athan,Bothe,ABothe247@yahoo.com.au
FAN-3587425,Grace,Grayce,Roddell,GRoddell86@gmail.com.pt
FAN-3627891,Grace,Grayce,Bailess,Grayce_Bailess@hotmail.com.es
FAN-3651555,Grace,Gracie,Harbertson,Gracie.Harbertson@mail.com.dk
FAN-3652969,Grace,Greys,Mabee,Greys_Mabee@hotmail.com.it
FAN-3671488,Isabella,Isabella,Scintsbury,Isabella_Scintsbury@hotmail.com.de
FAN-3708832,Isabella,Ysabella,Bedson,Ysabella_Bedson@aol.com.hu
FAN-3738861,Isabella,Ysabella,Wenzel,Ysabella.Wenzel@mail.com
FAN-3749804,Isabella,Isabela,Brotherwood,Isabela_Brotherwood@aol.com
FAN-3752631,James,Jaims,Allitt,JAllitt16@yahoo.com
FAN-3768183,James,Jaymes,Excell,Jaymes_Excell@hotmail.com.fr
FAN-3793988,James,Jaymz,Drinkale,JDrinkale195@outlook.com.es
FAN-3803300,James,James,Pearl,James_Pearl@hotmail.com.pt
FAN-3821647,Joseph,Jozef,Shreeve,Jozef.Shreeve@mail.com.pt
FAN-3848921,Joseph,Jozef,Mobbs,JMobbs2@yahoo.com
FAN-3858351,Joseph,Josef,Robottom,Josef_Robottom@hotmail.com.pt
FAN-3884983,Joseph,Joseph,Garter,Joseph_Garter@aol.com.nl
FAN-3902228,Katherine,Katherine,Perryn,KPerryn174@gmail.com.nl
FAN-3943223,Katherine,Katherine,Asbury,Katherine_Asbury@hotmail.com.rs
FAN-3949120,Katherine,Catherine,Ketteridge,Catherine_Ketteridge@aol.com.fr
FAN-3954535,Katherine,Kathryn,Stopforth,KStopforth114@apple.com.nl
FAN-3959601,Lily,Lilly,Iacovides,Lilly_Iacovides@yahoo.com.ru
FAN-3961981,Lily,Lillie,Coton,Lillie_Coton@gmail.com.pl
FAN-3982094,Lily,Lily,Feveryear,Lily.Feveryear@mail.com.ch
FAN-3984236,Lily,Lily,O'Reilly,Lily_O'Reilly@gmail.com
FAN-3991804,Madison,Madisyn,Huntley,MHuntley76@yahoo.com
FAN-3992782,Madison,Maddison,Knappitt,MKnappitt157@outlook.com.it
FAN-4006863,Madison,Madison,Cast,Madison_Cast@gmail.com.at
FAN-4039618,Madison,Madison,Ridler,Madison_Ridler@yahoo.com.at
FAN-4052700,Matthew,Mathew,Balloch,Mathew_Balloch@yahoo.com.jp
FAN-4064652,Matthew,Mateo,Bradwell,MBradwell158@apple.com.ru
FAN-4071192,Matthew,Matthew,Melland,Matthew_Melland@hotmail.com.ru
FAN-4106602,Matthew,Matthieu,Beat,Matthieu_Beat@aol.com
FAN-4114651,Michael,Mikel,Isherwood,MIsherwood129@outlook.com
FAN-4178110,Michael,Michal,Widdison,Michal_Widdison@aol.com.fr
FAN-4249771,Michael,Mikael,Walter,Mikael_Walter@aol.com.cz
FAN-4256097,Michael,Michael,Robottom,Michael_Robottom@aol.com.es
FAN-4260800,Olivia,Alyvia,Zuker,AZuker151@gmail.com.kr
FAN-4271837,Olivia,Olyvia,Haggarth,OHaggarth207@yahoo.com.pl
FAN-4288380,Olivia,Olyvia,Cardoo,OCardoo32@apple.com.es
FAN-4366191,Olivia,Olivia,Mustoo,Olivia_Mustoo@hotmail.com
FAN-4417821,Samuel,Samuell,Trowell,Samuell.Trowell@mail.com
FAN-4443492,Samuel,Samuell,Luety,Samuell_Luety@gmail.com.es
FAN-4473215,Samuel,Samuell,Dumbrall,Samuell_Dumbrall@hotmail.com
FAN-4487222,Samuel,Samuelito,Moppett,SMoppett102@gmail.com.es
FAN-4493681,Sophia,Sophia,Beszant,Sophia.Beszant@mail.com
FAN-4502391,Sophia,Sofiya,Presidey,Sofiya_Presidey@gmail.com
FAN-4507538,Sophia,Sofiya,Fooks,Sofiya_Fooks@yahoo.com.se
FAN-4546736,Sophia,Sofia,Douris,Sofia_Douris@yahoo.com.ar
FAN-4585835,William,William,Jones,William_Jones@yahoo.com.kw
FAN-4609141,William,William,Gabitis,WGabitis44@yahoo.com.se
FAN-4621006,William,William,Gynni,William_Gynni@hotmail.com.ca
FAN-4624515,William,William,Dewick,William_Dewick@aol.com
FAN-4631058,Abigail,Abbigail,Goodley,Abbigail_Goodley@yahoo.com.pt
FAN-4648879,Abigail,Abigale,Cinnamond,Abigale.Cinnamond@mail.com.pt
FAN-4653087,Abigail,Abigail,Tourry,Abigail.Tourry@mail.com.fi
FAN-4694466,Abigail,Abigale,Jouandet,Abigale_Jouandet@yahoo.com.uk
FAN-4748204,Aiden,Ayden,Ox,Ayden_Ox@aol.com.de
FAN-4760490,Aiden,Aidan,Gritskov,Aidan_Gritskov@aol.com.be
FAN-4774750,Aiden,Aidan,Sparsholt,ASparsholt51@outlook.com.it
FAN-4786451,Aiden,Ayden,Guinan,Ayden_Guinan@hotmail.com.ae
FAN-4794615,Alexander,Aleksander,Attwoull,Aleksander_Attwoull@gmail.com.fr
FAN-4812257,Alexander,Alaxander,Ivashkov,Alaxander_Ivashkov@yahoo.com.se
FAN-4816003,Alexander,Alexzander,Juckes,Alexzander_Juckes@hotmail.com
FAN-4821689,Alexander,Alexander,Dinsdale,ADinsdale196@yahoo.com.nl
FAN-4846480,Andrew,Andreas,Cullingford,ACullingford191@apple.com.ca
FAN-4856255,Andrew,Andre,Brodley,Andre_Brodley@hotmail.com.at
FAN-4876744,Andrew,Andrey,Silversmid,ASilversmid14@outlook.com
FAN-4899454,Andrew,Andreas,Acey,Andreas.Acey@mail.com.uk
FAN-4912460,Benjamin,Benjamen,Searby,BSearby49@outlook.com.ru
FAN-4931307,Benjamin,Ben,Chiechio,Ben.Chiechio@mail.com.be
FAN-4935652,Benjamin,Ben,Turland,Ben_Turland@hotmail.com.kr
FAN-4945909,Benjamin,Benjamin,Boriston,Benjamin_Boriston@yahoo.com.uk
FAN-4961949,Chloe,Chloe,Borrill,CBorrill11@outlook.com.dk
FAN-4979379,Chloe,Chloe,Devita,Chloe_Devita@hotmail.com.es
FAN-5011491,Chloe,Khloe,Collingridge,KCollingridge63@outlook.com.es
FAN-5012641,Chloe,Khloe,Walch,KWalch35@apple.com.ca
FAN-5021721,Christopher,Kristopher,Extil,KExtil54@gmail.com
FAN-5044681,Christopher,Christopher,Nisby,Christopher_Nisby@gmail.com.pt
FAN-5092760,Christopher,Christopher,Pellitt,Christopher_Pellitt@gmail.com
FAN-5094783,Christopher,Krystoffer,Warland,KWarland223@outlook.com.kr
FAN-5102264,Daniel,Danial,Houseago,Danial_Houseago@yahoo.com.es
FAN-5108571,Daniel,Dan,Oyley,DOyley129@outlook.com.hu
FAN-5108806,Daniel,Daniel,Boldero,Daniel_Boldero@hotmail.com.jp
FAN-5135309,Daniel,Dan,Discombe,DDiscombe12@yahoo.com.de
FAN-5177054,Elizabeth,Lizbeth,Smees,Lizbeth.Smees@mail.com.pt
FAN-5194773,Elizabeth,Elisabeth,Esposita,Elisabeth_Esposita@yahoo.com.es
FAN-5213371,Elizabeth,Lizbeth,Percival,Lizbeth_Percival@yahoo.com
FAN-5241210,Elizabeth,Elisabeth,Loffel,Elisabeth_Loffel@gmail.com
FAN-5296137,Emily,Emalee,Hendin,Emalee_Hendin@aol.com
FAN-5337461,Emily,Emalee,Buxton,Emalee_Buxton@gmail.com
FAN-5338519,Emily,Amelie,Geraudel,Amelie.Geraudel@mail.com
FAN-5346857,Emily,Emalee,Gisburn,EGisburn56@yahoo.com.fi
FAN-5380231,Emma,Emm,Sheers,Emm_Sheers@aol.com
FAN-5404908,Emma,Ema,Lefwich,Ema.Lefwich@mail.com.uk
FAN-5424532,Emma,Emmah,Hannabus,Emmah_Hannabus@yahoo.com
FAN-5429490,Emma,Ema,Arrington,EArrington166@outlook.com
FAN-5452841,Ethan,Eitan,Vautier,Eitan.Vautier@mail.com.nl
FAN-5475271,Ethan,Ethen,Treske,Ethen_Treske@aol.com
FAN-5518568,Ethan,Ethen,Tireman,ETireman170@outlook.com.ae
FAN-5532874,Ethan,Eitan,Phinn,Eitan_Phinn@gmail.com.uk
FAN-5549789,Grace,Greys,Stucke,Greys_Stucke@hotmail.com.ru
FAN-5577886,Grace,Greys,McPolin,GMcPolin239@apple.com.es
FAN-5580824,Grace,Gracie,Geane,Gracie_Geane@hotmail.com.ru
FAN-5582393,Grace,Grayce,Keers,Grayce_Keers@gmail.com
FAN-5616515,Isabella,Isabella,Gilchrist,IGilchrist41@apple.com.fr
FAN-5630273,Isabella,Isabela,Nazareth,INazareth159@yahoo.com.ca
FAN-5641799,Isabella,Izabella,Andreu,Izabella_Andreu@hotmail.com
FAN-5646890,Isabella,Izabella,Ruselin,Izabella_Ruselin@yahoo.com
FAN-5682181,James,Jaymz,Bedham,Jaymz_Bedham@hotmail.com.be
FAN-5684079,James,Jaymes,Batter,JBatter16@yahoo.com.br
FAN-5698447,James,Jaymes,Billison,JBillison11@outlook.com.hr
FAN-5711714,James,Jaymes,Sharrock,Jaymes_Sharrock@yahoo.com.es
FAN-5716145,Joseph,Josif,Pybworth,Josif_Pybworth@yahoo.com.br
FAN-5719268,Joseph,Josef,Huke,Josef_Huke@aol.com.pt
FAN-5725845,Joseph,Joseph,Crisell,Joseph_Crisell@aol.com.it
FAN-5733546,Joseph,Josif,Dillet,Josif_Dillet@yahoo.com.uk
FAN-5794849,Katherine,Kathryn,Fawlks,KFawlks126@yahoo.com.nl
FAN-5842090,Katherine,Katarina,Vasilov,Katarina.Vasilov@mail.com
FAN-5846137,Katherine,Katarina,Turmell,Katarina.Turmell@mail.com.de
FAN-5857056,Katherine,Kathryn,Platfoot,KPlatfoot113@yahoo.com.de
FAN-5891463,Lily,Lillie,Honniebal,Lillie_Honniebal@aol.com.es
FAN-5965623,Lily,Lily,Corbally,Lily_Corbally@yahoo.com.jp
FAN-5974286,Lily,Lili,Fullerton,LFullerton0@yahoo.com
FAN-5994508,Lily,Lily,Isack,LIsack118@gmail.com.gr
FAN-6026267,Madison,Madisyn,Ridhole,Madisyn_Ridhole@hotmail.com.br
FAN-6038732,Madison,Madisyn,Leithgoe,Madisyn_Leithgoe@gmail.com.es
FAN-6069281,Madison,Madisyn,Organer,MOrganer168@gmail.com.br
FAN-6081319,Madison,Madison,Dolley,Madison_Dolley@yahoo.com.ch
FAN-6120777,Matthew,Mathew,Acres,Mathew_Acres@gmail.com.fi
FAN-6159792,Matthew,Mathew,Amberson,Mathew_Amberson@aol.com.it
FAN-6175585,Matthew,Mathew,Geaves,MGeaves136@yahoo.com.pt
FAN-6181985,Matthew,Matthew,Klesse,Matthew_Klesse@hotmail.com
FAN-6192922,Michael,Michael,Noller,MNoller97@apple.com.at
FAN-6213345,Michael,Mikael,Chiechio,Mikael_Chiechio@hotmail.com.dk
FAN-6217413,Michael,Mikel,Robley,Mikel_Robley@gmail.com
FAN-6217465,Michael,Mikael,Ridder,MRidder238@outlook.com
FAN-6246845,Olivia,Alivia,Wardhaw,Alivia_Wardhaw@hotmail.com.dk
FAN-6274921,Olivia,Alivia,A'Barrow,Alivia_A'Barrow@aol.com.fr
FAN-6285208,Olivia,Alivia,Jones,Alivia_Jones@hotmail.com.fr
FAN-6312582,Olivia,Alivia,Bodega,ABodega4@yahoo.com.de
FAN-6313568,Samuel,Sam,Georgeon,Sam_Georgeon@aol.com.fr
FAN-6320785,Samuel,Samuelito,Atton,SAtton175@gmail.com
FAN-6322324,Samuel,Samuelito,Hulett,Samuelito_Hulett@yahoo.com.cz
FAN-6326306,Samuel,Sam,Ticehurst,Sam.Ticehurst@mail.com.ca
FAN-6401003,Sophia,Sophia,Sobtka,Sophia_Sobtka@hotmail.com.fr
FAN-6403070,Sophia,Sofia,Haws,Sofia_Haws@hotmail.com.uk
FAN-6429699,Sophia,Soffia,Forkan,Soffia_Forkan@hotmail.com.br
FAN-6443902,Sophia,Soffia,Flockhart,SFlockhart247@apple.com
FAN-6446029,William,William,Geekie,William_Geekie@gmail.com.de
FAN-6452215,William,Will,McKaile,Will_McKaile@hotmail.com.hu
FAN-6556632,William,Willem,Trevena,Willem_Trevena@gmail.com
FAN-6556996,William,Willem,Zelley,WZelley164@gmail.com.kr
FAN-6563416,Abigail,Abigayle,Airton,Abigayle_Airton@hotmail.com.fr
FAN-6588568,Abigail,Abbigail,Mills,AMills112@gmail.com.jp
FAN-6609153,Abigail,Abigayle,Bengoechea,ABengoechea133@outlook.com
FAN-6610302,Abigail,Abigale,Thoresbie,AThoresbie222@yahoo.com.it
FAN-6611727,Aiden,Aidan,Reisenstein,Aidan_Reisenstein@gmail.com.jp
FAN-6612908,Aiden,Adan,Baumert,ABaumert206@gmail.com.dk
FAN-6619778,Aiden,Aidan,Penwarden,Aidan_Penwarden@hotmail.com.de
FAN-6632248,Aiden,Adan,Gonsalo,AGonsalo231@gmail.com.es
FAN-6641977,Alexander,Aleksander,Harbert,Aleksander_Harbert@gmail.com
FAN-6663233,Alexander,Alexzander,Sextie,ASextie100@outlook.com.es
FAN-6692229,Alexander,Aleksander,Isaq,AIsaq228@yahoo.com.uk
FAN-6710162,Alexander,Aleksander,Lokier,Aleksander.Lokier@mail.com.es
FAN-6710556,Andrew,Andre,Townsend,Andre_Townsend@gmail.com.sg
FAN-6712707,Andrew,Andrew,McVicker,Andrew_McVicker@yahoo.com.cz
FAN-6719098,Andrew,Andrey,Alekseicik,AAlekseicik89@apple.com.ca
FAN-6773409,Andrew,Andre,Hitter,Andre_Hitter@aol.com.it
FAN-6797746,Benjamin,Benjamen,Batistelli,Benjamen_Batistelli@hotmail.com.de
FAN-6806240,Benjamin,Benjamen,Ruddle,BRuddle243@apple.com
FAN-6806930,Benjamin,Bennjamin,Petschel,Bennjamin_Petschel@hotmail.com
FAN-6841199,Benjamin,Ben,Exposito,Ben_Exposito@yahoo.com
FAN-6851460,Chloe,Khloe,Dederick,Khloe_Dederick@aol.com.fr
FAN-6868722,Chloe,Cloe,Docherty,CDocherty217@outlook.com
FAN-6879382,Chloe,Cleo,Klaff,Cleo_Klaff@aol.com.es
FAN-6884009,Chloe,Cleo,Wornum,CWornum73@outlook.com.pt
FAN-6923316,Christopher,Kristopher,Knapper,Kristopher.Knapper@mail.com
FAN-6969291,Christopher,Christopher,Chiechio,Christopher_Chiechio@hotmail.com
FAN-6991462,Christopher,Krystoffer,Arnaudon,Krystoffer_Arnaudon@yahoo.com.mx
FAN-7007002,Christopher,Kristopher,Flude,Kristopher_Flude@gmail.com
FAN-7032518,Daniel,Danial,Bartell,DBartell60@outlook.com.uk
FAN-7033922,Daniel,Dan,Fitzgerald,Dan_Fitzgerald@hotmail.com.pt
FAN-7079135,Daniel,Danial,Posnette,Danial_Posnette@gmail.com.nl
FAN-7083006,Daniel,Daniell,Senner,Daniell_Senner@aol.com.kr
FAN-7106045,Elizabeth,Elisabeth,Bather,Elisabeth.Bather@mail.com.gr
FAN-7113971,Elizabeth,Elisabeth,Belleny,EBelleny85@yahoo.com.se
FAN-7127838,Elizabeth,Elizabith,Bouttell,EBouttell56@yahoo.com.fr
FAN-7146245,Elizabeth,Elisabeth,Tennet,ETennet1@apple.com.cn
FAN-7160701,Emily,Emmaleigh,Ebi,EEbi169@gmail.com.at
FAN-7165972,Emily,Emmaleigh,Kaufman,Emmaleigh_Kaufman@hotmail.com.kr
FAN-7196370,Emily,Emmaleigh,Berthot,EBerthot156@apple.com.nl
FAN-7216049,Emily,Emmaleigh,Bolver,Emmaleigh_Bolver@hotmail.com.bg
FAN-7222926,Emma,Emma,Castanares,Emma_Castanares@gmail.com.ru
FAN-7227009,Emma,Emma,Pomroy,EPomroy239@yahoo.com.kr
FAN-7237221,Emma,Emma,Florey,Emma_Florey@yahoo.com.fr
FAN-7258700,Emma,Emm,Bentzen,EBentzen111@gmail.com.de
FAN-7265098,Ethan,Athan,Baitey,Athan_Baitey@gmail.com
FAN-7276113,Ethan,Athan,Sine,ASine111@apple.com.es
FAN-7332220,Ethan,Ethan,Fifield,Ethan_Fifield@hotmail.com.jp
FAN-7337276,Ethan,Ethan,Kirkham,Ethan_Kirkham@gmail.com
FAN-7393798,Grace,Grayce,MacAlees,Grayce_MacAlees@gmail.com.gr
FAN-7398051,Grace,Grayce,Bingley,GBingley17@outlook.com
FAN-7398975,Grace,Gracie,Hefferon,GHefferon22@yahoo.com.ca
FAN-7404798,Grace,Grace,Gee,GGee50@gmail.com
FAN-7405266,Isabella,Isabela,Purton,Isabela_Purton@hotmail.com.uk
FAN-7409534,Isabella,Izabella,Spottiswoode,Izabella_Spottiswoode@hotmail.com.ar
FAN-7419788,Isabella,Isabela,Finicj,Isabela_Finicj@hotmail.com
FAN-7430898,Isabella,Izabella,Hassen,Izabella_Hassen@hotmail.com.it
FAN-7460020,James,James,Cranshaw,JCranshaw116@gmail.com.es
FAN-7468232,James,Jaymz,Whatling,JWhatling143@yahoo.com.jp
FAN-7471670,James,Jaims,Shuttlewood,JShuttlewood140@apple.com
FAN-7472458,James,James,Downe,James_Downe@aol.com.de
FAN-7491155,Joseph,Josef,Burg,Josef_Burg@hotmail.com
FAN-7495136,Joseph,Josef,Roddell,Josef_Roddell@yahoo.com.pt
FAN-7560477,Joseph,Josef,Lease,Josef_Lease@gmail.com.br
FAN-7575571,Joseph,Josef,Schiefersten,Josef_Schiefersten@gmail.com.se
FAN-7603796,Katherine,Kathryn,Bengoechea,KBengoechea72@gmail.com.jp
FAN-7666021,Katherine,Kathryn,Bushe,KBushe222@yahoo.com.ch
FAN-7723409,Katherine,Katherine,Kisbee,KKisbee15@outlook.com.it
FAN-7778109,Katherine,Kathryn,Usherwood,Kathryn_Usherwood@yahoo.com.co
FAN-7778510,Lily,Lilly,McCahey,Lilly_McCahey@gmail.com.fr
FAN-7830774,Lily,Lillie,Osler,Lillie_Osler@aol.com.de
FAN-7833074,Lily,Lili,MacGillavery,LMacGillavery24@yahoo.com.jp
FAN-7834184,Lily,Lili,Camus,Lili_Camus@yahoo.com.de
FAN-7834466,Madison,Madisyn,Zucker,Madisyn_Zucker@hotmail.com.mx
FAN-7870436,Madison,Maddison,Dibdale,Maddison_Dibdale@aol.com.no
FAN-7886505,Madison,Maddison,Vautier,MVautier105@yahoo.com.es
FAN-7917767,Madison,Madison,Ierland,Madison_Ierland@hotmail.com.uk
FAN-7923265,Matthew,Matthieu,Ferron,Matthieu_Ferron@hotmail.com.jp
FAN-7939695,Matthew,Mathew,Lathaye,Mathew.Lathaye@mail.com.ar
FAN-8052991,Matthew,Matthew,Luard,Matthew_Luard@yahoo.com.es
FAN-8078831,Matthew,Matthieu,Brumham,Matthieu_Brumham@yahoo.com.uk
FAN-8080002,Michael,Mikel,Linfield,Mikel_Linfield@gmail.com
FAN-8090324,Michael,Michal,Reford,MReford162@apple.com
FAN-8107529,Michael,Michal,Kristoffersson,Michal_Kristoffersson@hotmail.com.uk
FAN-8143164,Michael,Mikael,Tennet,Mikael.Tennet@mail.com.gr
FAN-8145102,Olivia,Alivia,Hembrow,Alivia.Hembrow@mail.com.be
FAN-8155684,Olivia,Alyvia,Kwiek,AKwiek190@yahoo.com.ca
FAN-8158333,Olivia,Alivia,Renfield,ARenfield34@apple.com.gr
FAN-8182403,Olivia,Olyvia,Tomaszek,Olyvia_Tomaszek@gmail.com.ar
FAN-8198382,Samuel,Samuell,Vardey,Samuell_Vardey@yahoo.com
FAN-8252780,Samuel,Samuelito,MacLucais,SMacLucais59@outlook.com
FAN-8259192,Samuel,Samuel,Wolfarth,SWolfarth87@gmail.com.fr
FAN-8293439,Samuel,Samuelito,Buie,Samuelito_Buie@hotmail.com.cn
FAN-8366014,Sophia,Sofiya,McBrearty,Sofiya_McBrearty@gmail.com.br
FAN-8379456,Sophia,Sophia,Falls,Sophia_Falls@yahoo.com
FAN-8391028,Sophia,Sophia,Royce,SRoyce229@outlook.com.it
FAN-8396198,Sophia,Sofiya,Neave,Sofiya_Neave@hotmail.com.hr
FAN-8425559,William,Guillermo,Gartsyde,GGartsyde92@outlook.com.au
FAN-8432214,William,Willem,Prowse,Willem_Prowse@aol.com.it
FAN-8476294,William,Will,Whiskerd,Will_Whiskerd@hotmail.com.pt
FAN-8492379,William,Willem,Divine,Willem_Divine@aol.com.ca
FAN-8495678,Abigail,Abbigail,Watling,Abbigail_Watling@hotmail.com.es
FAN-8500853,Abigail,Abigale,Attwool,Abigale_Attwool@yahoo.com.es
FAN-8546429,Abigail,Abigale,Furmagier,AFurmagier5@gmail.com.no
FAN-8564819,Abigail,Abbigail,Danher,ADanher176@gmail.com
FAN-8573412,Aiden,Adan,Barenskie,Adan_Barenskie@hotmail.com.ch
FAN-8583850,Aiden,Aiden,Lathaye,Aiden_Lathaye@hotmail.com.fi
FAN-8591059,Aiden,Ayden,Horning,Ayden_Horning@hotmail.com.ca
FAN-8622033,Aiden,Ayden,Sartin,Ayden.Sartin@mail.com.au
FAN-8629846,Alexander,Alexzander,Gerssam,Alexzander_Gerssam@aol.com
FAN-8641093,Alexander,Aleksander,Worvell,Aleksander_Worvell@aol.com.uk
FAN-8641535,Alexander,Alexzander,Wisniewski,Alexzander_Wisniewski@hotmail.com
FAN-8675384,Alexander,Alexander,Eddington,Alexander_Eddington@hotmail.com
FAN-8677815,Andrew,Andrew,McAusland,Andrew.McAusland@mail.com
FAN-8696017,Andrew,Andreas,O'Kinedy,Andreas.O'Kinedy@mail.com.pt
FAN-8703655,Andrew,Andrew,Crut,ACrut46@apple.com.es
FAN-8706494,Andrew,Andreas,Bellon,ABellon2@yahoo.com.nl
FAN-8712304,Benjamin,Benjamen,Standall,BStandall218@yahoo.com
FAN-8716664,Benjamin,Bennjamin,Mullin,Bennjamin_Mullin@yahoo.com.nl
FAN-8731197,Benjamin,Benjamin,Nulty,Benjamin_Nulty@hotmail.com.pt
FAN-8731778,Benjamin,Benjamin,Rockwell,BRockwell170@yahoo.com.pt
FAN-8737687,Chloe,Cleo,Jessett,CJessett186@apple.com
FAN-8743159,Chloe,Cleo,Grantham,CGrantham238@yahoo.com.jp
FAN-8771501,Chloe,Cleo,Durand,Cleo_Durand@aol.com.ch
FAN-8780478,Chloe,Khloe,Riccetti,KRiccetti215@gmail.com.ro
FAN-8801867,Christopher,Kristopher,McCumskay,KMcCumskay5@yahoo.com.qa
FAN-8832440,Christopher,Kristopher,Reyburn,Kristopher_Reyburn@hotmail.com
FAN-8841312,Christopher,Christophe,Kinker,Christophe_Kinker@aol.com.de
FAN-8850457,Christopher,Krystoffer,Lace,Krystoffer_Lace@yahoo.com
FAN-8877754,Daniel,Daniell,Castelletto,Daniell_Castelletto@aol.com.ch
FAN-8894871,Daniel,Daniell,Dumini,DDumini40@apple.com.it
FAN-8905198,Daniel,Daniel,Floodgate,Daniel_Floodgate@hotmail.com.ua
FAN-8945561,Daniel,Dan,Leadstone,Dan.Leadstone@mail.com
FAN-8957898,Elizabeth,Elizabeth,Paler,Elizabeth_Paler@aol.com.sk
FAN-8971591,Elizabeth,Elisabeth,Ellissen,Elisabeth_Ellissen@aol.com
FAN-8994678,Elizabeth,Lizbeth,Angus,Lizbeth.Angus@mail.com.eg
FAN-9001272,Elizabeth,Elisabeth,Gebbe,EGebbe169@gmail.com
FAN-9006656,Emily,Emily,Colles,Emily_Colles@yahoo.com.ar
FAN-9065391,Emily,Emmaleigh,Loadwick,ELoadwick84@gmail.com.de
FAN-9091170,Emily,Emily,Mizzen,Emily.Mizzen@mail.com.it
FAN-9092701,Emily,Emalee,Grantham,Emalee_Grantham@yahoo.com.de
FAN-9130200,Emma,Emmah,Abramino,EAbramino29@apple.com.at
FAN-9135566,Emma,Emm,MacCoughan,Emm_MacCoughan@gmail.com.de
FAN-9144735,Emma,Ema,Coogan,Ema.Coogan@mail.com
FAN-9239338,Emma,Emm,Dillingston,Emm.Dillingston@mail.com.no
FAN-9243232,Ethan,Ethan,Simony,ESimony174@outlook.com
FAN-9245915,Ethan,Eitan,Jirusek,Eitan_Jirusek@yahoo.com
FAN-9248524,Ethan,Ethan,Braxay,Ethan_Braxay@aol.com
FAN-9255968,Ethan,Ethen,Shirrell,Ethen_Shirrell@gmail.com.fr
FAN-9265629,Grace,Grayce,Ekkel,Grayce_Ekkel@hotmail.com.pl
FAN-9308199,Grace,Greys,MacCoughan,GMacCoughan55@outlook.com
FAN-9376033,Grace,Greys,McCullagh,GMcCullagh73@outlook.com.bg
FAN-9378596,Grace,Grace,Gebbe,GGebbe112@outlook.com.au
FAN-9384303,Isabella,Izabella,Gabitis,IGabitis227@outlook.com.se
FAN-9396617,Isabella,Isabela,Royds,IRoyds192@apple.com
FAN-9398170,Isabella,Izabella,Randales,Izabella_Randales@yahoo.com.fr
FAN-9411625,Isabella,Izabella,Killingsworth,IKillingsworth53@outlook.com.be
FAN-9425182,James,James,McCuish,James_McCuish@aol.com
FAN-9432595,James,James,Exposito,James_Exposito@aol.com.fr
FAN-9445680,James,Jaymes,Normanvill,Jaymes_Normanvill@yahoo.com
FAN-9454297,James,Jaims,Dunnan,JDunnan207@apple.com.dk
FAN-9485968,Joseph,Jozef,Pinches,JPinches36@yahoo.com.pt
FAN-9526001,Joseph,Josif,Rosin,Josif_Rosin@gmail.com.de
FAN-9544449,Joseph,Jozef,Norman,Jozef.Norman@mail.com.mx
FAN-9606728,Joseph,Josif,Tesimon,Josif_Tesimon@hotmail.com.fr
FAN-9609644,Katherine,Katarina,Burtwistle,Katarina_Burtwistle@hotmail.com.uk
FAN-9612931,Katherine,Kathryn,Emnoney,Kathryn_Emnoney@yahoo.com.cz
FAN-9660505,Katherine,Kathryn,Hembrow,KHembrow108@apple.com.ru
FAN-9664582,Katherine,Katarina,Cholton,Katarina_Cholton@hotmail.com.tr
FAN-9699213,Lily,Lillie,Handyside,Lillie_Handyside@gmail.com
FAN-9701199,Lily,Lily,Duffin,LDuffin198@yahoo.com.pl
FAN-9704369,Lily,Lilly,Allewell,Lilly_Allewell@yahoo.com.es
FAN-9708177,Lily,Lillie,Sargison,LSargison41@apple.com.sk
FAN-9732021,Madison,Maddison,Oldman,MOldman11@yahoo.com.es
FAN-9733696,Madison,Madyson,Poles,Madyson_Poles@gmail.com.uk
FAN-9743416,Madison,Madison,Elloway,MElloway62@outlook.com.ua
FAN-9753719,Madison,Madisyn,Coggan,MCoggan126@gmail.com.es
FAN-9768711,Matthew,Matthieu,Bodega,Matthieu_Bodega@hotmail.com.fr
FAN-9776469,Matthew,Mateo,Picton,MPicton147@yahoo.com.ch
FAN-9779268,Matthew,Matthieu,Askie,Matthieu_Askie@aol.com
FAN-9783885,Matthew,Mateo,Josupeit,Mateo_Josupeit@gmail.com.de
FAN-9794581,Michael,Mikael,Smithson,MSmithson92@outlook.com.fr
FAN-9795274,Michael,Mikel,Rosenbaum,Mikel.Rosenbaum@mail.com.de
FAN-9816331,Michael,Mikel,Borne,Mikel.Borne@mail.com
FAN-9827189,Michael,Mikael,Brownsword,Mikael_Brownsword@aol.com.es
FAN-9834315,Olivia,Alyvia,Pirri,APirri44@gmail.com.fr
FAN-9847724,Olivia,Alyvia,Cadlock,ACadlock99@outlook.com
FAN-9859192,Olivia,Olivia,Causnett,Olivia_Causnett@gmail.com.uk
FAN-9886517,Olivia,Olyvia,Cruickshank,OCruickshank83@apple.com.be
FAN-9901729,Samuel,Samuelito,Mendes,Samuelito_Mendes@yahoo.com.es
FAN-9910621,Samuel,Samuel,Flatt,Samuel_Flatt@gmail.com.ar
FAN-9913759,Samuel,Samuelito,Rigeby,SRigeby52@gmail.com
FAN-9915193,Samuel,Samuell,Dethloff,Samuell.Dethloff@mail.com
FAN-9915318,Sophia,Sofia,Burg,Sofia_Burg@hotmail.com
FAN-9925460,Sophia,Sofiya,Gee,SGee130@outlook.com
FAN-9927994,Sophia,Sofiya,McMakin,SMcMakin9@gmail.com.ca
FAN-9951084,Sophia,Sophia,Bolmann,Sophia_Bolmann@yahoo.com.es
FAN-9953546,William,Will,Pavel,Will_Pavel@gmail.com
FAN-9956275,William,Will,Sircomb,Will.Sircomb@mail.com
FAN-9958480,William,Guillermo,Aslum,Guillermo_Aslum@hotmail.com.jp
FAN-9992068,William,Willem,Thomann,WThomann111@yahoo.com.ca