FanId,SourceFN,FirstName,LastName,Birthdate,Gender,Street,City,State,Country,PostalCode,Phone,Email
FAN-1029453,Abigail,Abigale,Torpie,9/23/58,,566 Pine Lane,Manchester,England,UK,M1 4AE,,ATorpie38@gmail.com.uk
FAN-1031599,Abigail,Abbigail,Penkman,10/8/86,,505  Cedar Rd,Riyadh,,Saudi Arabia,11543,(254) 3673461,Abigail_Penkman@hotmail.com.sa
FAN-1051279,Abigail,Abigail,Boulton,3/1/70,,202  Oak Ave,Tokyo,Tokyo,Japan,100-0001,(366) 4591707,ABoulton160@apple.com.jp
FAN-1071081,Abigail,Abigale,Eagell,11/22/87,Female,456 Maple Ave,Cairo,,Egypt,11519,,AEagell216@gmail.com.eg
FAN-1077692,Aiden,Ayden,Braune,12/21/70,,404 Elm St,Rome,Lazio,Italy,118,,Aiden_Braune@aol.com.it
FAN-1080305,Aiden,Aidan,Walsom,6/9/98,Male,404 Pine Ave,Istanbul,,Turkey,34110,,Aiden.Walsom@mail.com.tr
FAN-1118908,Aiden,Adan,Blaise,12/26/00,Female,606  Birch St,Downtown,CA,United States,54321,,Aiden_Blaise@hotmail.com
FAN-1139477,Aiden,Ayden,Brownsey,7/14/90,,432 Strawberry Court,Buenos Aires,Capital Federal,Argentina,C1067AAF,,Aiden_Brownsey@aol.com.ar
FAN-1173911,Alexander,Alaxander,Bester,,,987 Willow Circle,Metro,NY,United States,10987,(942) 9682747,ABester99@yahoo.com
FAN-1175288,Alexander,Aleksander,Scotti,6/19/63,Male,9201  Maple Avenue,Hamburg,Hamburg,Germany,20095,(896) 6362180,Alexander.Scotti@mail.com.de
FAN-1234078,Alexander,Alexander,Liccardi,6/6/85,Female,123 Pine Avenue,Metropolis,CA,United States,10987,(986) 5719995,ALiccardi22@apple.com
FAN-1239497,Alexander,Alaxander,Pinchbeck,8/9/58,Male,303 Pine Rd,Amsterdam,,Netherlands,1012 JS,,APinchbeck145@yahoo.com.nl
FAN-1260526,Andrew,Andreas,Sogg,3/4/02,Female,556  Cedar Avenue,Berlin,Berlin,Germany,10115,(741) 2678702,Andrew_Sogg@hotmail.com.de
FAN-1280995,Andrew,Andre,Daftor,9/10/93,Female,1121 Elm Road,Hometown,TX,United States,23456,(363) 9001557,Andrew.Daftor@mail.com
FAN-1290448,Andrew,Andrey,Bosden,,Female,123  Main Street,Zone,NY,United States,87654,(638) 5866372,Andrew_Bosden@hotmail.com
FAN-1291177,Andrew,Andrey,holmes,,,1212 Orange St,Budapest,Budapest,Hungary,1051,(468) 6179999,Aholmes97@yahoo.com.hu
FAN-1293049,Benjamin,Benjamen,Harower,8/18/95,Female,321 Lemon Avenue,Berlin,Berlin,Germany,10117,(491) 3867557,Benjamin.Harower@mail.com.de
FAN-1293887,Benjamin,Ben,Van den Hof,9/12/62,Female,303 Willow St,Athens,,Greece,105 64,(451) 7563277,Benjamin_Van den Hof@hotmail.com.gr
FAN-1306732,Benjamin,Benjamen,Warde,8/22/95,Female,900 Pine Road,Los Angeles,CA,USA,90001,(642) 4722416,Benjamin.Warde@mail.com
FAN-1363046,Benjamin,Benjamin,Swane,,Female,456 Oak Avenue,Somewhere,TX,United States,67890,,Benjamin_Swane@gmail.com
FAN-1372955,Chloe,Chloe,Duffin,7/11/63,,101  Pine St,Paris,,France,75001,(508) 8093958,Chloe_Duffin@gmail.com.fr
FAN-1389636,Chloe,Khloe,Baxstar,,,890 Cherry Lane,Buenos Aires,Capital Federal,Argentina,C1107AAA,(505) 1494406,Chloe.Baxstar@mail.com.ar
FAN-1394118,Chloe,Chloe,Baynton,4/12/79,Female,334 Pine Street,Manchester,England,UK,M1 4AE,(306) 9283797,Chloe_Baynton@gmail.com.uk
FAN-1411626,Chloe,Cloe,Guinan,2/15/62,Male,808  Elm St,Brussels,,Belgium,1000,(105) 8869814,CGuinan198@outlook.com.be
FAN-1447620,Christopher,Christopher,Myall,4/30/00,Female,677 Oak Drive,Liverpool,England,UK,L3 5TR,(765) 7972316,CMyall182@apple.com.uk
FAN-1502535,Christopher,Christophe,Gook,8/30/72,,5050 Coconut St,London,England,United Kingdom,W1A 1AA,(254) 4338665,Christopher_Gook@aol.com.uk
FAN-1509417,Christopher,Christophe,Magee,,Male,456  Orange Court,Paris,Ile-de-France,France,75001,(299) 3538840,CMagee211@outlook.com.fr
FAN-1525316,Christopher,Christophe,Atack,6/12/67,Nonbinary,4151 Redwood Avenue,Villageville,CA,United States,54321,(188) 1084030,Christopher_Atack@aol.com
FAN-1543489,Daniel,Danial,Dikels,10/17/03,Female,1121 Elm Avenue,Civic,TX,United States,10987,(555) 7530785,Daniel.Dikels@mail.com
FAN-1545374,Daniel,Dan,Bilbrook,3/5/69,Male,566  Pine Lane,Metro,NY,United States,10987,(932) 5545246,DBilbrook38@yahoo.com
FAN-1545810,Daniel,Daniell,Hankey,9/30/96,,135  Redwood Blvd,Buenos Aires,Capital Federal,Argentina,C1067AAF,,Daniel_Hankey@hotmail.com.ar
FAN-1570540,Daniel,Danial,Purbrick,5/17/04,Male,1717 Blueberry St,Athens,Attica,Greece,105 64,(217) 2229216,Daniel.Purbrick@mail.com.gr
FAN-1577132,Elizabeth,Elisabeth,Filippov,3/20/67,Female,765 Redwood Avenue,Mexico City,Ciudad de Mexico,Mexico,1000,(969) 6170903,Elizabeth.Filippov@mail.com.mx
FAN-1582928,Elizabeth,Elisabeth,Standeven,,Male,707 Willow Rd,Zurich,,Switzerland,8001,,EStandeven111@gmail.com.ch
FAN-1609646,Elizabeth,Elisabeth,Shirrell,6/18/66,Male,987 Pine Road,Vancouver,BC,Canada,V6B 4Y8,(251) 7196186,EShirrell1@gmail.com.ca
FAN-1613492,Elizabeth,Elisabeth,Vedenyapin,5/9/86,Male,808 Maple Rd,Mexico City,,Mexico,6010,(540) 5215116,Elizabeth.Vedenyapin@mail.com.mx
FAN-1654512,Emily,Amelie,Cessford,,Male,5161 Birch Road,District,NY,United States,23456,(616) 9189539,Emily_Cessford@hotmail.com
FAN-1690386,Emily,Amelie,Josephi,3/9/69,,321 Fig Lane,Madrid,Community of Madrid,Spain,28005,(497) 4570129,EJosephi189@yahoo.com.es
FAN-1700571,Emily,Amelie,Vallery,7/13/84,Male,9101  Pine Court,Seoul,,South Korea,4526,(992) 8650466,Emily_Vallery@hotmail.com.kr
FAN-1733338,Emily,Emily,Melladew,,Female,235  Elm Lane,Vancouver,BC,Canada,V6B 4Y8,(526) 1747348,Emily_Melladew@gmail.com.ca
FAN-1747986,Emma,Ema,Pitson,3/13/73,Male,5161 Birch Lane,Countryside,TX,United States,10987,(967) 7300547,EPitson180@outlook.com
FAN-1773000,Emma,Emmah,Lydden,2/17/72,Female,445 Oak Road,Liverpool,England,UK,L3 5TR,(350) 1940662,Emma.Lydden@mail.com.uk
FAN-1793957,Emma,Emma,Brunsen,3/17/76,Female,819 Cedar Avenue,Quadrant,CA,United States,56789,(770) 5490181,Emma_Brunsen@gmail.com
FAN-1794102,Emma,Ema,Stritton,3/28/66,Male,516 Birch Street,Precinct,TX,United States,23456,(156) 1361277,EStritton183@outlook.com
FAN-1797243,Ethan,Ethan,Grigolon,6/1/81,Male,456 Cedar St,Osaka,,Japan,530-0001,(945) 8328249,EGrigolon199@apple.com.jp
FAN-1799995,Ethan,Eitan,Legge,8/26/61,Nonbinary,4646  Papaya St,Paris,Ile-de-France,France,75003,(245) 9528510,ELegge193@gmail.com.fr
FAN-1822456,Ethan,Ethan,Coggan,,,718  Willow Drive,Seoul,Seoul,South Korea,3142,(668) 6991676,ECoggan188@apple.com.kr
FAN-1837426,Ethan,Eitan,Faragher,4/6/96,Female,543 Berry Road,Lisbon,Lisbon,Portugal,1100-001,(628) 5653955,Ethan_Faragher@yahoo.com.pt
FAN-1864252,Grace,Greys,Armit,,,680 Pine Avenue,Lyon,Auvergne-Rhône-Alpes,France,69001,(165) 7349933,Grace_Armit@aol.com.fr
FAN-1868430,Grace,Greys,Gentzsch,2/14/59,Female,4545  Avocado St,Warsaw,Masovian Voivodeship,Poland,00-001,,GGentzsch102@outlook.com.pl
FAN-1870592,Grace,Grayce,Netherclift,3/4/83,,890  Cherry Lane,St. Petersburg,Leningrad Oblast,Russia,190000,,Grace_Netherclift@yahoo.com.ru
FAN-1876301,Grace,Grace,Nerheny,10/20/98,,1919  Kiwi St,Vienna,Vienna,Austria,1010,,GNerheny203@apple.com.at
FAN-1880545,Isabella,Isabela,Pearce,11/25/66,,678  Peach Street,Lisbon,Lisbon,Portugal,1000-001,(529) 6093353,Isabella_Pearce@hotmail.com.pt
FAN-1881461,Isabella,Isabella,Braddick,12/4/87,Female,9101 Pine Court,City Center,NY,United States,23456,,Isabella_Braddick@gmail.com
FAN-1888427,Isabella,Isabela,Sayre,,Nonbinary,789 Pine St,London,,United Kingdom,W1A 1AA,(301) 8406003,Isabella_Sayre@aol.com.uk
FAN-1891941,Isabella,Isabela,Hoyles,5/7/98,Nonbinary,202 Elm St,London,,United Kingdom,EC1A 1BB,,IHoyles97@outlook.com.uk
FAN-1896032,James,Jaymes,Busk,1/16/80,Female,4040  Raspberry St,Barcelona,Catalonia,Spain,8001,(313) 4461218,JBusk221@gmail.com.es
FAN-1902015,James,Jaims,Dwire,9/27/77,Female,909 Pine Ave,Oslo,,Norway,180,,JDwire192@outlook.com.no
FAN-1910648,James,Jaims,Jaye,8/7/84,Female,123  Main St,Lisbon,Lisbon,Portugal,1000-001,,James_Jaye@hotmail.com.pt
FAN-1914303,James,Jaymz,Harmes,6/8/68,Female,789  Oakwood Avenue,Quadrant,CA,United States,23456,(608) 3982517,James_Harmes@hotmail.com
FAN-1927587,Joseph,Joseph,Reford,2/11/89,Female,202  Elm Ln,St. Petersburg,Leningrad Oblast,Russia,190000,(947) 4318513,Joseph_Reford@gmail.com.ru
FAN-1940543,Joseph,Josif,Yockley,,Female,654  Birch Lane,Urban,TX,United States,54321,(681) 5584204,Joseph_Yockley@hotmail.com
FAN-1949136,Joseph,Jozef,Batistelli,5/13/75,,2424  Pineapple St,Barcelona,Catalonia,Spain,8001,,JBatistelli92@outlook.com.es
FAN-1958740,Joseph,Josef,Siehard,11/12/90,,246  Birch Court,London,England,United Kingdom,W1F 7ED,(518) 4975270,Joseph.Siehard@mail.com.uk
FAN-1960402,Katherine,Katherine,Baitey,,Female,404 Birch Rd,Rome,,Italy,118,,Katherine_Baitey@gmail.com.it
FAN-1960602,Katherine,Katherine,Gudge,6/20/63,Nonbinary,456 Oak St,Los Angeles,CA,United States,90001,,KGudge118@apple.com
FAN-1972995,Katherine,Kathryn,Grubey,,Male,321  Fig Lane,Milan,Lombardy,Italy,20121,(457) 4555917,Katherine_Grubey@yahoo.com.it
FAN-2010151,Katherine,Catherine,Rosenbaum,,Nonbinary,321 Birch Drive,Township,CA,United States,23456,(137) 1116683,Katherine_Rosenbaum@aol.com
FAN-2010771,Lily,Lilly,Kinchington,,Female,202 Elm Ln,Budapest,,Hungary,1051,,LKinchington86@yahoo.com.hu
FAN-2011048,Lily,Lily,Camocke,12/26/98,Female,901 Birch Road,Marseille,Provence-Alpes-Côte d'Azur,France,13001,(494) 4908572,LCamocke149@apple.com.fr
FAN-2092843,Lily,Lilly,Housbey,8/11/65,,505  Cedar Ln,Block,CA,United States,87654,(156) 6653407,Lily_Housbey@hotmail.com
FAN-2128618,Lily,Lillie,Keech,4/19/91,Male,3434 Papaya St,Athens,Attica,Greece,105 64,(989) 8660074,Lily.Keech@mail.com.gr
FAN-2139863,Madison,Madyson,Radnedge,,Male,3737  Pineapple St,Sao Paulo,Sao Paulo,Brazil,01310-100,(251) 7178162,MRadnedge24@yahoo.com.br
FAN-2142178,Madison,Maddison,Cordeux,5/4/63,Male,2323 Watermelon St,Bucharest,Bucharest,Romania,50711,(266) 3815019,Madison_Cordeux@aol.com.ro
FAN-2182093,Madison,Madisyn,Sayles,,Male,2525  Coconut St,Anywhere,NY,United States,87654,,Madison.Sayles@mail.com
FAN-2238347,Madison,Maddison,Whatling,9/14/58,,123 Plum Avenue,Munich,Bavaria,Germany,80335,(927) 6236038,MWhatling159@outlook.com.de
FAN-2244761,Matthew,Mateo,Ellesmere,12/28/70,Female,654  Birch Lane,Madrid,Community of Madrid,Spain,28001,(218) 6847656,Matthew_Ellesmere@hotmail.com.es
FAN-2266113,Matthew,Matthieu,Parram,,Male,791 Oak Lane,Berlin,Berlin,Germany,10115,(287) 7391676,MParram214@outlook.com.de
FAN-2267294,Matthew,Matthieu,Hammell,12/30/08,,357 Maple Court,Liverpool,England,UK,L3 5TR,,Matthew_Hammell@hotmail.com.uk
FAN-2285564,Matthew,Mateo,Cresswell,2/4/89,Female,2727  Papaya St,Territory,TX,United States,56789,(397) 1914765,Matthew_Cresswell@hotmail.com
FAN-2285853,Michael,Michal,Kearn,9/26/76,Female,1616  Raspberry St,Chicago,IL,USA,60601,(593) 3519465,Michael_Kearn@aol.com
FAN-2306653,Michael,Mikael,Spatoni,12/24/73,Female,890 Cedar Street,Paris,Ile-de-France,France,75001,(467) 1632022,Michael.Spatoni@mail.com.fr
FAN-2319251,Michael,Michal,Kellen,3/14/63,Female,4949  Pineapple St,Division,TX,United States,10987,(635) 1221795,MKellen150@outlook.com
FAN-2373198,Michael,Mikael,Atling,1/17/81,Male,899  Elm Street,Marseille,Provence-Alpes-Côte d'Azur,France,13001,(982) 7296685,Michael.Atling@mail.com.fr
FAN-2381532,Olivia,Alyvia,Fominov,5/31/71,Female,123 Watermelon Street,Mexico City,Ciudad de Mexico,Mexico,6010,,Olivia_Fominov@hotmail.com.mx
FAN-2385979,Olivia,Alivia,Tiffin,4/7/61,Nonbinary,123  Banana Road,Amsterdam,North Holland,Netherlands,1012 RJ,(283) 9891140,Olivia_Tiffin@hotmail.com.nl
FAN-2390444,Olivia,Olyvia,Collihole,,Female,789 Nectarine Way,Milan,Lombardy,Italy,20123,,OCollihole57@gmail.com.it
FAN-2410974,Olivia,Alivia,Calbert,2/1/87,Male,606 Oak Ln,Riyadh,,Saudi Arabia,11543,(200) 8747309,OCalbert218@outlook.com.sa
FAN-2438043,Samuel,Samuell,Rawlings,,Male,112  Pine Lane,Rome,Lazio,Italy,118,,Samuel_Rawlings@hotmail.com.it
FAN-2453632,Samuel,Sam,Oxborough,3/11/67,Female,909 Banana St,Prague,Prague,Czech Republic,110 00,(356) 9484182,Samuel_Oxborough@yahoo.com.cz
FAN-2522326,Samuel,Samuell,Doby,2/3/07,Female,303  Elm St,Milan,Lombardy,Italy,20121,(193) 8677731,Samuel_Doby@aol.com.it
FAN-2584299,Samuel,Sam,Styant,11/26/86,Female,876  Coconut Court,Vienna,,Austria,1010,(825) 7705216,Samuel_Styant@yahoo.com.at
FAN-2585654,Sophia,Sofiya,Dreus,10/20/94,Female,790 Birch Street,Amsterdam,North Holland,Netherlands,1012 WX,(815) 6689811,SDreus108@yahoo.com.nl
FAN-2597100,Sophia,Sofiya,Van Dijk,10/11/61,,468 Willow Lane,Everywhere,CA,United States,54321,(643) 4597933,SVan Dijk228@yahoo.com
FAN-2602971,Sophia,Sofia,Kerridge,7/6/69,Nonbinary,321  Elm Street,Region,NY,United States,56789,(486) 7305887,Sophia.Kerridge@mail.com
FAN-2609599,Sophia,Soffia,Laverty,7/7/62,Female,234  Dragon Fruit Street,Lyon,Auvergne-Rhône-Alpes,France,69001,(569) 5641324,Sophia_Laverty@aol.com.fr
FAN-2662467,William,Willem,Hischke,5/29/06,,345  Oak Street,Mexico City,Ciudad de Mexico,Mexico,6010,(685) 6048935,William_Hischke@hotmail.com.mx
FAN-2677231,William,Willem,Johanchon,1/25/62,Female,456  Oak St,Munich,Bavaria,Germany,80331,,WJohanchon217@outlook.com.de
FAN-2697464,William,Will,Phython,,Female,3141 Cedar Lane,Uptown,CA,United States,56789,,William_Phython@yahoo.com
FAN-2697595,William,Will,Sircomb,,,3232 Kiwi St,Amsterdam,North Holland,Netherlands,1012 RJ,(626) 4130239,William_Sircomb@yahoo.com.nl
FAN-2720996,Abigail,Abigail,Riccetti,,,3030 Blueberry St,Milan,Lombardy,Italy,20121,(407) 8018716,ARiccetti156@apple.com.it
FAN-2741024,Abigail,Abbigail,Tyas,,,876 Coconut Court,Barcelona,Catalonia,Spain,8003,(153) 2999110,Abigail_Tyas@hotmail.com.es
FAN-2742716,Abigail,Abigale,Annett,6/5/75,Female,3939  Mango St,Amsterdam,North Holland,Netherlands,1015 AB,(284) 2933583,AAnnett10@gmail.com.nl
FAN-2768906,Abigail,Abigail,Crabb,7/24/85,Male,679  Maple Lane,Berlin,Berlin,Germany,10115,,Abigail_Crabb@gmail.com.de
FAN-2792670,Aiden,Aiden,Christer,,Male,101 Pine St,Lisbon,Lisbon,Portugal,1000-001,(859) 2476173,AChrister240@apple.com.pt
FAN-2799224,Aiden,Adan,Laffling,,Male,667 Elm Lane,Montreal,QC,Canada,H2X 1Y6,,ALaffling105@yahoo.com.ca
FAN-2810948,Aiden,Aiden,Sartin,10/28/97,,357  Maple Court,Outskirts,TX,United States,87654,,ASartin133@apple.com
FAN-2811958,Aiden,Aiden,Cush,12/18/98,Male,314  Cedar Way,Copenhagen,Capital Region,Denmark,1000,(680) 5747372,Aiden_Cush@gmail.com.dk
FAN-2815399,Alexander,Aleksander,McGinney,5/31/64,Male,3838  Coconut St,Munich,Bavaria,Germany,80331,(423) 4321865,AMcGinney109@gmail.com.de
FAN-2873227,Alexander,Alexzander,Clarycott,,Male,789 Birch Ave,Warsaw,,Poland,00-001,(691) 4368923,AClarycott194@outlook.com.pl
FAN-2912347,Alexander,Aleksander,Navan,11/26/92,Male,912  Pine Drive,Belgrade,Belgrade,Serbia,11000,(982) 7267300,Alexander.Navan@mail.com.rs
FAN-2934219,Alexander,Aleksander,Dempsey,10/16/83,Male,011  Oak Drive,Seville,Andalusia,Spain,41001,(100) 1582729,ADempsey122@gmail.com.es
FAN-2959449,Andrew,Andrey,Ickov,1/18/00,,135  Cedar Drive,New York,NY,United States,10001,(870) 9383980,AIckov170@yahoo.com
FAN-3003222,Andrew,Andreas,Doby,2/27/87,Female,456  Papaya Place,Civic,TX,United States,10987,(193) 8677731,Andrew_Doby@hotmail.com
FAN-3005348,Andrew,Andre,Luard,,Female,808 Pine Rd,Mexico City,,Mexico,6010,(311) 3215240,Andrew_Luard@yahoo.com.mx
FAN-3007236,Andrew,Andreas,Coton,5/23/88,,543  Poplar Drive,Borough,NY,United States,43210,(924) 7928398,ACoton70@outlook.com
FAN-3014429,Benjamin,Benjamen,Douris,10/17/85,Male,707  Pine Ave,Someplace,NY,United States,10987,(244) 6636937,Benjamin.Douris@mail.com
FAN-3033395,Benjamin,Benjamen,Badham,10/18/95,Nonbinary,101 Pine Rd,Berlin,,Germany,10178,(693) 1460665,Benjamin_Badham@yahoo.com.de
FAN-3046129,Benjamin,Ben,Sherrocks,7/8/62,Male,357 Aspen Way,Someplace,NY,United States,10987,(871) 5421207,BSherrocks233@outlook.com
FAN-3076198,Benjamin,Ben,Wellsman,7/27/99,,3141 Cedar Boulevard,Hamlet,NY,United States,87654,,BWellsman25@outlook.com
FAN-3084374,Chloe,Khloe,Beacham,7/5/60,Male,233 Elm Road,Montreal,QC,Canada,H2X 1Y6,,CBeacham77@gmail.com.ca
FAN-3098704,Chloe,Cleo,Vest,11/13/90,Female,123 Oak Rd,Copenhagen,,Denmark,1000,(491) 8448562,CVest117@yahoo.com.dk
FAN-3100350,Chloe,Khloe,Eagland,8/15/65,Female,346  Pine Court,Chicago,IL,USA,60601,(835) 2576970,CEagland123@gmail.com
FAN-3101105,Chloe,Khloe,Cloake,,,1919 Kiwi St,Barcelona,Catalonia,Spain,8001,(932) 8926913,Chloe_Cloake@yahoo.com.es
FAN-3152141,Christopher,Christopher,Buddleigh,9/12/79,Male,456 Elm Road,Barcelona,Catalonia,Spain,8001,,Christopher_Buddleigh@gmail.com.es
FAN-3187507,Christopher,Krystoffer,Screaton,,Female,1234 Pine Avenue,Locale,CA,United States,10987,(414) 6068537,Christopher_Screaton@hotmail.com
FAN-3210151,Christopher,Christopher,Gartell,11/15/82,,123  Main St,London,England,UK,W1A 1AA,(119) 5578188,CGartell183@apple.com.uk
FAN-3248800,Christopher,Krystoffer,Eschelle,10/4/09,Female,567  Starfruit Avenue,Bogotá,,Colombia,110321,(815) 3542494,Christopher_Eschelle@hotmail.com.co
FAN-3312849,Daniel,Daniel,Breeton,9/26/07,Male,987  Willow Circle,Manchester,England,UK,M1 4AE,(956) 2220953,Daniel_Breeton@gmail.com.uk
FAN-3347106,Daniel,Daniel,Morphet,4/9/63,Male,321  Pomegranate Lane,Brussels,Brussels,Belgium,1000,(765) 9535701,Daniel_Morphet@gmail.com.be
FAN-3383275,Daniel,Danial,Le Strange,,Nonbinary,415  Willow Avenue,Amsterdam,North Holland,Netherlands,1012 WX,(718) 2144499,DLe Strange139@gmail.com.nl
FAN-3386074,Daniel,Daniell,Vidler,,Male,2929  Strawberry St,Los Angeles,CA,USA,90001,,DVidler54@outlook.com
FAN-3419281,Elizabeth,Elizabith,Tivnan,10/12/07,Male,808 Elm St,Stockholm,,Sweden,11120,(743) 8609319,Elizabeth_Tivnan@hotmail.com.se
FAN-3421186,Elizabeth,Elizabith,Collecott,7/31/70,Female,789 Maple Drive,London,England,United Kingdom,W1A 1AA,(153) 6068378,Elizabeth_Collecott@aol.com.uk
FAN-3433993,Elizabeth,Elizabith,Haville,8/21/68,Male,4343  Blackberry St,Budapest,,Hungary,1051,,Elizabeth_Haville@aol.com.hu
FAN-3435455,Elizabeth,Elizabeth,Casham,8/10/70,Male,4141  Strawberry St,Kuwait City,,Kuwait,13001,(277) 7506543,Elizabeth_Casham@gmail.com.kw
FAN-3447873,Emily,Emmaleigh,Jereatt,3/27/76,Female,987  Pine Road,Enclave,NY,United States,10987,(125) 8425214,EJereatt139@outlook.com
FAN-3453369,Emily,Emily,Filippov,7/1/78,,122 Cedar Lane,Toronto,ON,Canada,M5H 2N2,(770) 2312860,EFilippov207@apple.com.ca
FAN-3454038,Emily,Emily,Perford,3/27/66,Male,334  Pine Street,Metropolis,CA,United States,10987,,Emily_Perford@gmail.com
FAN-3480833,Emily,Emmaleigh,Skipp,4/29/83,Male,9201 Maple Avenue,Quadrant,CA,United States,23456,(683) 9620602,Emily_Skipp@hotmail.com
FAN-3503668,Emma,Ema,Lorie,6/25/89,Nonbinary,123  Willow Ave,City Center,NY,United States,23456,,Emma_Lorie@aol.com
FAN-3535469,Emma,Ema,Aslum,,,1121  Elm Avenue,Seoul,Seoul,South Korea,4347,,EAslum11@outlook.com.kr
FAN-3540412,Emma,Emm,O'Roan,,Female,456  Oak Avenue,Neighborhood,TX,United States,87654,(745) 2719959,EO'Roan37@yahoo.com
FAN-3546849,Emma,Emm,Fretwell,,Male,3131  Blackberry St,Paris,Île-de-France,France,75001,,EFretwell77@yahoo.com.fr
FAN-3556696,Ethan,Ethen,McGarrie,4/21/99,,123  Cedar Avenue,Paris,Ile-de-France,France,75001,(329) 9793519,Ethan_McGarrie@hotmail.com.fr
FAN-3563123,Ethan,Ethan,Smalley,7/16/05,Male,516 Oak Drive,Division,CA,United States,87654,(550) 8735231,ESmalley156@apple.com
FAN-3566269,Ethan,Eitan,Hobbert,,Female,3141  Cedar Boulevard,Province,CA,United States,10987,,EHobbert63@gmail.com
FAN-3574508,Ethan,Eitan,Bothe,,Male,202  Cedar St,Sydney,New South Wales,Australia,2000,,Ethan.Bothe@mail.com.au
FAN-3587425,Grace,Greys,Roddell,,Male,123 Cedar Avenue,Lisbon,Lisbon,Portugal,1000-001,(968) 4051688,GRoddell13@outlook.com.pt
FAN-3627891,Grace,Grace,Bailess,1/25/76,Male,568  Cedar Drive,Madrid,Community of Madrid,Spain,28005,,Grace_Bailess@gmail.com.es
FAN-3651555,Grace,Gracie,Harbertson,7/3/96,Female,789 Grape Way,Copenhagen,Capital Region,Denmark,1000,(688) 4064696,GHarbertson139@yahoo.com.dk
FAN-3652969,Grace,Greys,Mabee,6/12/98,Male,5161  Birch Road,Rome,,Italy,118,,GMabee9@outlook.com.it
FAN-3671488,Isabella,Izabella,Scintsbury,8/17/84,Female,678 Pine Drive,Munich,Bavaria,Germany,80331,(691) 3841585,Isabella.Scintsbury@mail.com.de
FAN-3708832,Isabella,Isabela,Bedson,,Male,3535 Pomegranate St,Budapest,Budapest,Hungary,1051,(758) 6250474,Isabella_Bedson@aol.com.hu
FAN-3738861,Isabella,Izabella,Wenzel,3/13/76,Female,1234 Oak Street,Cityville,TX,United States,98765,(720) 6116345,Isabella_Wenzel@yahoo.com
FAN-3749804,Isabella,Izabella,Brotherwood,1/27/00,Male,505  Walnut St,Nowheresville,TX,United States,23456,(260) 6973857,IBrotherwood81@gmail.com
FAN-3752631,James,Jaymz,Allitt,,Male,468  Willow Lane,Quadrant,CA,United States,56789,(953) 5071129,JAllitt113@yahoo.com
FAN-3768183,James,Jaims,Excell,4/22/71,Female,543  Berry Road,Paris,,France,75001,(438) 6395374,James_Excell@aol.com.fr
FAN-3793988,James,James,Drinkale,1/6/78,,890 Raspberry Lane,Barcelona,Catalonia,Spain,8002,,JDrinkale38@apple.com.es
FAN-3803300,James,Jaymz,Pearl,1/21/87,Male,456 Orange Court,Lisbon,Lisbon,Portugal,1200-001,,JPearl135@yahoo.com.pt
FAN-3821647,Joseph,Josef,Shreeve,5/28/08,,543  Cherry Blossom Drive,Lisbon,,Portugal,1100-150,(463) 9953438,Joseph_Shreeve@yahoo.com.pt
FAN-3848921,Joseph,Josif,Mobbs,11/27/63,Male,654 Pine Road,Nowheresville,TX,United States,23456,(656) 5869354,Joseph_Mobbs@hotmail.com
FAN-3858351,Joseph,Jozef,Robottom,3/15/76,,234 Birch Lane,Porto,Porto,Portugal,4050-481,(604) 5341979,Joseph_Robottom@hotmail.com.pt
FAN-3884983,Joseph,Jozef,Garter,3/8/88,Female,123  Oak Rd,Rotterdam,South Holland,Netherlands,3012 BN,(339) 1607370,Joseph_Garter@hotmail.com.nl
FAN-3902228,Katherine,Kathryn,Perryn,8/18/77,,654 Guava Road,Amsterdam,North Holland,Netherlands,1015 AB,(565) 5767284,Katherine.Perryn@mail.com.nl
FAN-3943223,Katherine,Katarina,Asbury,10/16/99,Nonbinary,2121 Papaya St,Belgrade,Belgrade,Serbia,11000,,Katherine_Asbury@hotmail.com.rs
FAN-3949120,Katherine,Katherine,Ketteridge,8/21/67,Male,901  Birch Road,Marseille,Provence-Alpes-Côte d'Azur,France,13001,,Katherine_Ketteridge@gmail.com.fr
FAN-3954535,Katherine,Katarina,Stopforth,9/18/99,Female,2121  Papaya St,Utrecht,Utrecht,Netherlands,3511 WB,(466) 1945630,Katherine_Stopforth@hotmail.com.nl
FAN-3959601,Lily,Lili,Iacovides,8/8/72,Male,234 Dragon Fruit Street,Moscow,Moscow,Russia,101000,,Lily_Iacovides@aol.com.ru
FAN-3961981,Lily,Lilly,Coton,6/5/61,,4444 Kiwi St,Warsaw,Masovian Voivodeship,Poland,00-001,,Lily_Coton@hotmail.com.pl
FAN-3982094,Lily,Lily,Feveryear,2/3/81,Female,303  Birch St,Zurich,Zurich,Switzerland,8001,(186) 3915241,Lily_Feveryear@gmail.com.ch
FAN-3984236,Lily,Lilly,O'Reilly,1/19/10,Male,456  Cedar St,Locale,TX,United States,23456,(529) 8043043,Lily_O'Reilly@hotmail.com
FAN-3991804,Madison,Maddison,Huntley,2/1/64,,246 Birch Court,Nowhereville,TX,United States,56789,(121) 6172647,Madison_Huntley@hotmail.com
FAN-3992782,Madison,Madison,Knappitt,3/25/81,,679 Maple Lane,Turin,Piedmont,Italy,10121,(134) 9507331,Madison_Knappitt@gmail.com.it
FAN-4006863,Madison,Madisyn,Cast,12/17/88,Female,808 Mango St,Vienna,Vienna,Austria,1010,,MCast92@gmail.com.at
FAN-4039618,Madison,Maddison,Ridler,2/16/07,,4040 Raspberry St,Vienna,Vienna,Austria,1010,(981) 9439506,Madison_Ridler@aol.com.at
FAN-4052700,Matthew,Matthieu,Balloch,11/19/84,,8191  Oak Court,Osaka,,Japan,530-0001,(941) 4651649,Matthew_Balloch@hotmail.com.jp
FAN-4064652,Matthew,Mathew,Bradwell,6/10/57,,680  Pine Avenue,Moscow,,Russia,101000,(649) 7721686,MBradwell151@gmail.com.ru
FAN-4071192,Matthew,Mateo,Melland,,Male,789 Cedar Rd,Moscow,,Russia,101000,(412) 8503264,Matthew_Melland@hotmail.com.ru
FAN-4106602,Matthew,Mateo,Beat,11/20/96,,2222  Pomegranate St,Precinct,NY,United States,10987,,Matthew_Beat@hotmail.com
FAN-4114651,Michael,Mikael,Isherwood,4/19/94,Male,910 Elm Way,Block,NY,United States,87654,,Michael.Isherwood@mail.com
FAN-4178110,Michael,Mikael,Widdison,,Male,789 Maple Ln,Paris,,France,75001,(523) 2103042,MWiddison48@gmail.com.fr
FAN-4249771,Michael,Mikel,Walter,5/26/66,Male,404  Pine Ave,Prague,,Czech Republic,110 00,,MWalter87@yahoo.com.cz
FAN-4256097,Michael,Mikel,Robottom,,Male,789  Oak Street,Seville,Andalusia,Spain,41001,,Michael_Robottom@hotmail.com.es
FAN-4260800,Olivia,Alivia,Zuker,,Female,1234  Oak Street,Seoul,Seoul,South Korea,4534,(147) 1318802,Olivia_Zuker@hotmail.com.kr
FAN-4271837,Olivia,Olivia,Haggarth,12/21/85,Female,3434  Papaya St,Warsaw,Masovian Voivodeship,Poland,00-001,(873) 5891758,Olivia_Haggarth@gmail.com.pl
FAN-4288380,Olivia,Olyvia,Cardoo,10/13/87,Female,654 Lime Lane,Madrid,Community of Madrid,Spain,28046,(516) 9955165,Olivia_Cardoo@yahoo.com.es
FAN-4366191,Olivia,Alyvia,Mustoo,,Female,789 Elm Lane,Cityscape,NY,United States,87654,,OMustoo37@yahoo.com
FAN-4417821,Samuel,Samuel,Trowell,,Male,314 Aspen Street,Quadrant,TX,United States,10987,,Samuel_Trowell@gmail.com
FAN-4443492,Samuel,Sam,Luety,4/13/68,,808  Mango St,Barcelona,Catalonia,Spain,8001,(847) 9829828,SLuety65@gmail.com.es
FAN-4473215,Samuel,Samuell,Dumbrall,8/31/72,Male,404  Willow Rd,District,CA,United States,87654,(653) 9848252,SDumbrall72@outlook.com
FAN-4487222,Samuel,Samuell,Moppett,10/8/72,Female,210  Pineapple Express,Madrid,,Spain,28001,,SMoppett159@outlook.com.es
FAN-4493681,Sophia,Sophia,Beszant,12/4/06,Male,123 Main Street,New York,NY,USA,10001,(424) 8172085,Sophia_Beszant@gmail.com
FAN-4502391,Sophia,Sophia,Presidey,4/2/87,,789 Oak Street,Chicago,IL,USA,60601,(467) 5381165,Sophia_Presidey@gmail.com
FAN-4507538,Sophia,Soffia,Fooks,2/27/73,,987 Apple Street,Stockholm,Stockholm,Sweden,11120,(280) 5856762,Sophia_Fooks@hotmail.com.se
FAN-4546736,Sophia,Sophia,Douris,,,707 Pine Ave,Buenos Aires,,Argentina,C1002ABC,(244) 6636937,SDouris114@apple.com.ar
FAN-4585835,William,Will,Jones,6/15/83,Female,707 Maple St,Kuwait City,,Kuwait,13001,(253) 2463197,William.Jones@mail.com.kw
FAN-4609141,William,Will,Gabitis,1/2/72,,3535  Pomegranate St,Stockholm,Stockholm,Sweden,11120,(483) 3473414,William_Gabitis@yahoo.com.se
FAN-4621006,William,Willem,Gynni,9/27/80,Female,556 Cedar Avenue,Toronto,ON,Canada,M5H 2N2,(956) 4834035,William_Gynni@hotmail.com.ca
FAN-4624515,William,Will,Dewick,,Female,718 Pine Boulevard,Precinct,NY,United States,10987,(416) 7049843,William.Dewick@mail.com
FAN-4631058,Abigail,Abigayle,Goodley,5/13/73,Male,987 Passionfruit Drive,Lisbon,Lisbon,Portugal,1600-001,(710) 6354081,AGoodley181@outlook.com.pt
FAN-4648879,Abigail,Abigayle,Cinnamond,11/30/85,,788  Cedar Road,Lisbon,Lisbon,Portugal,1200-001,,Abigail_Cinnamond@hotmail.com.pt
FAN-4653087,Abigail,Abigale,Tourry,5/18/00,Female,718  Pine Boulevard,Helsinki,Uusimaa,Finland,100,,Abigail.Tourry@mail.com.fi
FAN-4694466,Abigail,Abigail,Jouandet,,,246 Oakwood Lane,Manchester,England,UK,M1 4AE,(122) 6276272,AJouandet44@apple.com.uk
FAN-4748204,Aiden,Ayden,Ox,7/14/97,,456  Cedar Road,Berlin,Berlin,Germany,10115,(935) 8403090,AOx243@outlook.com.de
FAN-4760490,Aiden,Adan,Gritskov,,,4747 Pomegranate St,Brussels,Brussels,Belgium,1000,(685) 5503178,AGritskov37@yahoo.com.be
FAN-4774750,Aiden,Aidan,Sparsholt,12/22/68,Female,210 Pineapple Express,Milan,Lombardy,Italy,20121,(666) 7031390,ASparsholt136@gmail.com.it
FAN-4786451,Aiden,Adan,Guinan,11/14/97,Male,606  Cedar St,Dubai,,United Arab Emirates,12345,(419) 5479448,Aiden_Guinan@hotmail.com.ae
FAN-4794615,Alexander,Alaxander,Attwoull,5/5/84,,123  Plum Avenue,Lyon,Auvergne-Rhône-Alpes,France,69001,(739) 1202240,AAttwoull193@yahoo.com.fr
FAN-4812257,Alexander,Alexander,Ivashkov,6/23/56,Male,1313 Lemon St,Stockholm,Stockholm,Sweden,11120,,AIvashkov65@apple.com.se
FAN-4816003,Alexander,Alexzander,Juckes,7/26/69,Male,314 Cedar Way,Sector,NY,United States,56789,(750) 9509090,AJuckes77@outlook.com
FAN-4821689,Alexander,Aleksander,Dinsdale,1/4/76,Male,920  Elm Road,Amsterdam,,Netherlands,1012 JS,,Alexander_Dinsdale@yahoo.com.nl
FAN-4846480,Andrew,Andrey,Cullingford,5/14/62,Female,101  Pine Rd,Toronto,ON,Canada,M5H 2N2,,ACullingford88@yahoo.com.ca
FAN-4856255,Andrew,Andreas,Brodley,6/28/60,Male,3333  Avocado St,Vienna,Vienna,Austria,1010,(404) 3121043,Andrew_Brodley@aol.com.at
FAN-4876744,Andrew,Andre,Silversmid,9/1/69,Female,516  Birch Street,Hometown,TX,United States,23456,(696) 6553311,Andrew_Silversmid@yahoo.com
FAN-4899454,Andrew,Andreas,Acey,9/17/64,,123  Pine Avenue,Manchester,England,UK,M1 4AE,(877) 7896343,Andrew_Acey@aol.com.uk
FAN-4912460,Benjamin,Ben,Searby,,Female,234  Cedar Court,Moscow,Moscow,Russia,101000,,Benjamin_Searby@hotmail.com.ru
FAN-4931307,Benjamin,Ben,Chiechio,3/23/58,Male,606 Cedar Ave,Brussels,,Belgium,1000,(891) 6482676,BChiechio24@outlook.com.be
FAN-4935652,Benjamin,Ben,Turland,11/30/80,Female,123 Willow Ave,Seoul,,South Korea,4526,(929) 2985615,Benjamin_Turland@hotmail.com.kr
FAN-4945909,Benjamin,Benjamen,Boriston,10/23/94,Male,765  Redwood Avenue,Manchester,England,UK,M1 4AE,(168) 9978101,Benjamin.Boriston@mail.com.uk
FAN-4961949,Chloe,Khloe,Borrill,9/5/96,Male,765  Blackberry Way,Copenhagen,Capital Region,Denmark,1000,(941) 5951424,Chloe.Borrill@mail.com.dk
FAN-4979379,Chloe,Cloe,Devita,6/18/65,Female,303 Elm St,Madrid,,Spain,28001,(486) 9434533,Chloe_Devita@aol.com.es
FAN-5011491,Chloe,Chloe,Collingridge,10/20/00,Female,233  Elm Road,Madrid,Community of Madrid,Spain,28046,(806) 1677856,Chloe_Collingridge@gmail.com.es
FAN-5012641,Chloe,Khloe,Walch,8/3/00,Male,432  Mango Way,Montreal,QC,Canada,H2X 1Y6,(194) 8430734,Chloe.Walch@mail.com.ca
FAN-5021721,Christopher,Christophe,Extil,6/30/07,Nonbinary,789  Kiwi Avenue,Nowhereville,TX,United States,56789,,Christopher_Extil@aol.com
FAN-5044681,Christopher,Krystoffer,Nisby,3/14/82,,404 Birch St,Lisbon,,Portugal,1100-150,(465) 1250527,CNisby113@yahoo.com.pt
FAN-5092760,Christopher,Krystoffer,Pellitt,12/28/94,Female,5678 Cedar Road,Sector,TX,United States,56789,(974) 1291081,Christopher_Pellitt@hotmail.com
FAN-5094783,Christopher,Kristopher,Warland,12/2/57,Male,909 Oak Ln,Seoul,,South Korea,4526,,Christopher.Warland@mail.com.kr
FAN-5102264,Daniel,Dan,Houseago,4/16/77,,505  Maple Ln,Barcelona,Catalonia,Spain,8003,,DHouseago143@yahoo.com.es
FAN-5108571,Daniel,Daniell,Oyley,1/11/70,Nonbinary,987  Apple Street,Budapest,Budapest,Hungary,1051,(188) 5949572,Daniel_Oyley@hotmail.com.hu
FAN-5108806,Daniel,Danial,Boldero,5/4/91,Male,876 Cranberry Avenue,Osaka,Osaka,Japan,540-0002,(567) 2383625,Daniel.Boldero@mail.com.jp
FAN-5135309,Daniel,Danial,Discombe,12/10/06,Nonbinary,890 Lychee Lane,Berlin,Berlin,Germany,10115,(787) 3320439,Daniel.Discombe@mail.com.de
FAN-5177054,Elizabeth,Elizabith,Smees,,Male,101  Maple Ave,Lisbon,Lisbon,Portugal,1000-001,(766) 5984231,Elizabeth_Smees@aol.com.pt
FAN-5194773,Elizabeth,Elizabith,Esposita,4/26/82,Male,876  Fir Boulevard,Madrid,Community of Madrid,Spain,28001,(516) 2520835,Elizabeth_Esposita@hotmail.com.es
FAN-5213371,Elizabeth,Elizabeth,Percival,,,819 Oak Lane,Neighborhood,TX,United States,87654,(174) 9963966,Elizabeth_Percival@gmail.com
FAN-5241210,Elizabeth,Lizbeth,Loffel,7/24/65,Male,321 Elm Street,Everyville,CA,United States,98765,(357) 7597543,ELoffel247@yahoo.com
FAN-5296137,Emily,Amelie,Hendin,12/16/94,,1234 Oak Place,Downtown,CA,United States,54321,(729) 1569585,Emily_Hendin@hotmail.com
FAN-5337461,Emily,Emmaleigh,Buxton,9/8/07,Male,456 Elm Street,Los Angeles,CA,USA,90001,(258) 8498474,EBuxton104@outlook.com
FAN-5338519,Emily,Amelie,Geraudel,,Male,617 Aspen Road,Enclave,NY,United States,10987,(441) 4756626,EGeraudel89@yahoo.com
FAN-5346857,Emily,Emmaleigh,Gisburn,9/19/56,,1121  Birch Lane,Helsinki,,Finland,100,,Emily_Gisburn@aol.com.fi
FAN-5380231,Emma,Emmah,Sheers,12/27/91,Female,457  Oakwood Avenue,Countryside,TX,United States,10987,(226) 2772504,Emma.Sheers@mail.com
FAN-5404908,Emma,Emmah,Lefwich,,,654  Pine Road,London,England,United Kingdom,W1A 1AA,(666) 5950648,Emma.Lefwich@mail.com.uk
FAN-5424532,Emma,Emmah,Hannabus,11/26/68,Female,456  Maple St,Precinct,CA,United States,23456,,Emma_Hannabus@yahoo.com
FAN-5429490,Emma,Emm,Arrington,10/22/03,Male,456  Oak St,Townsville,NY,United States,12345,(193) 5340006,EArrington139@yahoo.com
FAN-5452841,Ethan,Athan,Vautier,,,912 Pine Drive,Utrecht,Utrecht,Netherlands,3511 WB,(717) 1214735,Ethan_Vautier@hotmail.com.nl
FAN-5475271,Ethan,Ethen,Treske,6/18/78,Male,8191 Oak Boulevard,Zone,NY,United States,87654,(961) 1265183,Ethan_Treske@aol.com
FAN-5518568,Ethan,Eitan,Tireman,1/26/63,Female,808 Birch Ave,Dubai,,United Arab Emirates,12345,,Ethan_Tireman@yahoo.com.ae
FAN-5532874,Ethan,Ethan,Phinn,10/9/02,Female,889  Maple Street,London,,United Kingdom,W1A 1AA,(799) 7396488,Ethan_Phinn@gmail.com.uk
FAN-5549789,Grace,Grayce,Stucke,12/6/98,Male,112  Elm Lane,Moscow,Moscow,Russia,101000,(172) 4081334,GStucke234@gmail.com.ru
FAN-5577886,Grace,Grayce,McPolin,,Female,123  Watermelon Street,Madrid,Community of Madrid,Spain,28001,(153) 2686905,Grace_McPolin@yahoo.com.es
FAN-5580824,Grace,Greys,Geane,11/17/62,Male,876 Fir Boulevard,Moscow,Moscow,Russia,101000,(311) 4609825,GGeane75@outlook.com.ru
FAN-5582393,Grace,Grayce,Keers,11/11/94,Male,135 Redwood Blvd,Somewhereton,CA,United States,43210,,Grace_Keers@yahoo.com
FAN-5616515,Isabella,Ysabella,Gilchrist,10/8/84,Female,404  Birch St,Paris,Ile-de-France,France,75002,(531) 4448084,Isabella_Gilchrist@hotmail.com.fr
FAN-5630273,Isabella,Isabela,Nazareth,8/3/08,Nonbinary,791  Oak Lane,Toronto,ON,Canada,M5H 2N2,(591) 2029574,Isabella_Nazareth@hotmail.com.ca
FAN-5641799,Isabella,Izabella,Andreu,2/24/60,Female,819  Oak Lane,Los Angeles,CA,United States,90001,(261) 4366113,IAndreu0@gmail.com
FAN-5646890,Isabella,Isabela,Ruselin,12/4/78,Female,920 Elm Road,Zone,TX,United States,87654,(692) 6850377,IRuselin173@outlook.com
FAN-5682181,James,Jaymz,Bedham,1/27/70,Female,5678  Maple Street,Brussels,Brussels,Belgium,1000,(273) 7794240,James_Bedham@hotmail.com.be
FAN-5684079,James,Jaims,Batter,1/5/72,Female,808  Birch Ave,Rio de Janeiro,,Brazil,20040-002,(798) 5248792,James_Batter@hotmail.com.br
FAN-5698447,James,Jaymz,Billison,3/31/10,,2525 Coconut St,Zagreb,Zagreb,Croatia,10000,,James_Billison@hotmail.com.hr
FAN-5711714,James,Jaymz,Sharrock,2/21/63,,778  Birch Road,Barcelona,Catalonia,Spain,8001,(333) 4193263,James_Sharrock@hotmail.com.es
FAN-5716145,Joseph,Josef,Pybworth,9/19/77,,765 Blackberry Way,Sao Paulo,Sao Paulo,Brazil,01310-100,(316) 8686105,Joseph.Pybworth@mail.com.br
FAN-5719268,Joseph,Josif,Huke,6/26/69,Female,890  Cedar Street,Lisbon,Lisbon,Portugal,1500-001,(674) 9556343,Joseph_Huke@hotmail.com.pt
FAN-5725845,Joseph,Josef,Crisell,8/28/73,Female,7181  Willow Street,Rome,,Italy,153,(709) 3748435,JCrisell111@gmail.com.it
FAN-5733546,Joseph,Josef,Dillet,,Female,505 Walnut St,London,England,United Kingdom,W1A 1AA,,JDillet36@gmail.com.uk
FAN-5794849,Katherine,Katarina,Fawlks,3/29/96,Male,432 Sycamore Street,Amsterdam,North Holland,Netherlands,1012 AB,(492) 3273399,Katherine_Fawlks@hotmail.com.nl
FAN-5842090,Katherine,Katherine,Vasilov,9/20/92,Male,123 Main Street,New York,NY,United States,10001,,Katherine_Vasilov@gmail.com
FAN-5846137,Katherine,Katarina,Turmell,7/13/61,Male,567 Blueberry Road,Munich,Bavaria,Germany,80331,,Katherine_Turmell@hotmail.com.de
FAN-5857056,Katherine,Katarina,Platfoot,5/29/86,,900  Pine Road,Munich,Bavaria,Germany,80331,(473) 3539157,KPlatfoot63@yahoo.com.de
FAN-5891463,Lily,Lily,Honniebal,7/22/93,Male,3333 Avocado St,Barcelona,Catalonia,Spain,8001,(902) 8476304,Lily_Honniebal@gmail.com.es
FAN-5965623,Lily,Lillie,Corbally,12/11/64,Female,543 Poplar Drive,Tokyo,Tokyo,Japan,100-0001,,LCorbally16@gmail.com.jp
FAN-5974286,Lily,Lillie,Fullerton,12/1/67,Female,223  Maple Drive,New York,NY,United States,10001,(737) 5972879,Lily.Fullerton@mail.com
FAN-5994508,Lily,Lily,Isack,,Female,789  Birch Ave,Athens,Attica,Greece,105 64,(822) 1977253,Lily_Isack@gmail.com.gr
FAN-6026267,Madison,Madisyn,Ridhole,10/28/64,Female,987 Pine Road,Rio de Janeiro,Rio de Janeiro,Brazil,20000-001,,MRidhole97@gmail.com.br
FAN-6038732,Madison,Madison,Leithgoe,7/14/06,Male,1616 Raspberry St,Seville,Andalusia,Spain,41001,(560) 4791042,Madison_Leithgoe@gmail.com.es
FAN-6069281,Madison,Madison,Organer,4/7/83,,606 Birch St,Rio de Janeiro,,Brazil,20040-002,,Madison_Organer@gmail.com.br
FAN-6081319,Madison,Madisyn,Dolley,12/30/08,Male,432  Sycamore Street,Zurich,,Switzerland,8001,(352) 2198585,MDolley197@gmail.com.ch
FAN-6120777,Matthew,Matthieu,Acres,12/24/60,Female,456 Maple St,Helsinki,,Finland,100,(586) 6161600,MAcres144@outlook.com.fi
FAN-6159792,Matthew,Matthieu,Amberson,9/10/79,,404 Willow Rd,Rome,,Italy,153,(634) 8565359,MAmberson134@outlook.com.it
FAN-6175585,Matthew,Mathew,Geaves,9/3/09,,321  Elm Street,Lisbon,Lisbon,Portugal,1000-001,,MGeaves249@gmail.com.pt
FAN-6181985,Matthew,Mateo,Klesse,,,456 Oak Avenue,Los Angeles,CA,United States,90001,(747) 5591028,Matthew_Klesse@hotmail.com
FAN-6192922,Michael,Michael,Noller,,,4848  Watermelon St,Vienna,Vienna,Austria,1010,,MNoller125@apple.com.at
FAN-6213345,Michael,Michal,Chiechio,1/13/95,,3737 Pineapple St,Copenhagen,Capital Region,Denmark,1000,(130) 4906745,Michael_Chiechio@aol.com.dk
FAN-6217413,Michael,Michael,Robley,1/14/65,Male,202  Elm St,New York,NY,USA,10001,(480) 1076437,MRobley77@apple.com
FAN-6217465,Michael,Mikel,Ridder,2/11/93,Nonbinary,9201 Maple Way,Region,NY,United States,56789,(644) 1778617,Michael_Ridder@hotmail.com
FAN-6246845,Olivia,Alyvia,Wardhaw,1/23/57,Female,707 Pineapple St,Copenhagen,Capital Region,Denmark,1000,,OWardhaw222@yahoo.com.dk
FAN-6274921,Olivia,Alyvia,A'Barrow,12/28/92,Female,543 Cherry Blossom Drive,Paris,Ile-de-France,France,75002,(266) 6503831,Olivia_A'Barrow@hotmail.com.fr
FAN-6285208,Olivia,Alivia,Jones,6/15/93,Female,1818 Blackberry St,Lyon,Auvergne-Rhône-Alpes,France,69001,(253) 2463197,Olivia_Jones@hotmail.com.fr
FAN-6312582,Olivia,Alivia,Bodega,3/4/66,,202 Cedar Ln,Berlin,,Germany,10115,(405) 5853389,OBodega13@outlook.com.de
FAN-6313568,Samuel,Samuell,Georgeon,,,234  Avocado Drive,Paris,Ile-de-France,France,75001,(669) 9857655,Samuel_Georgeon@aol.com.fr
FAN-6320785,Samuel,Samuell,Atton,10/9/77,Female,789  Grape Way,Sector,TX,United States,56789,,SAtton135@outlook.com
FAN-6322324,Samuel,Sam,Hulett,6/3/59,Female,2828  Raspberry St,Prague,Prague,Czech Republic,110 00,(378) 5691085,Samuel.Hulett@mail.com.cz
FAN-6326306,Samuel,Samuelito,Ticehurst,3/9/60,Male,654 Birch Lane,Montreal,QC,Canada,H2X 1Y6,,STicehurst216@yahoo.com.ca
FAN-6401003,Sophia,Sofia,Sobtka,10/5/00,Male,567  Blueberry Road,Lyon,Auvergne-Rhône-Alpes,France,69001,(149) 4240292,SSobtka136@gmail.com.fr
FAN-6403070,Sophia,Sophia,Haws,,,123  Main Street,London,England,UK,W1A 1AA,(440) 1967606,SHaws20@apple.com.uk
FAN-6429699,Sophia,Sofiya,Forkan,1/6/09,Female,606 Cedar St,Rio de Janeiro,,Brazil,20040-002,,SForkan102@yahoo.com.br
FAN-6443902,Sophia,Sofiya,Flockhart,2/27/60,Nonbinary,5050  Coconut St,Nowhere,NY,United States,54321,,SFlockhart45@yahoo.com
FAN-6446029,William,Will,Geekie,,,456  Elm Street,Munich,Bavaria,Germany,80331,(568) 2797064,William.Geekie@mail.com.de
FAN-6452215,William,William,McKaile,6/30/70,Female,1313  Lemon St,Budapest,Budapest,Hungary,1051,(985) 3289767,WMcKaile213@apple.com.hu
FAN-6556632,William,Willem,Trevena,12/25/73,,303  Pine Rd,Zone,TX,United States,87654,(928) 1851130,William_Trevena@hotmail.com
FAN-6556996,William,Willem,Zelley,10/27/93,Male,456 Papaya Place,Seoul,Seoul,South Korea,4347,(326) 1576357,William_Zelley@aol.com.kr
FAN-6563416,Abigail,Abigale,Airton,,Female,899 Elm Street,Marseille,Provence-Alpes-Côte d'Azur,France,13001,,AAirton214@gmail.com.fr
FAN-6588568,Abigail,Abigale,Mills,9/9/02,Female,789  Maple Drive,Osaka,Osaka,Japan,540-0002,,AMills142@gmail.com.jp
FAN-6609153,Abigail,Abigail,Bengoechea,,,303  Willow St,Villageville,CA,United States,54321,,ABengoechea244@apple.com
FAN-6610302,Abigail,Abigale,Thoresbie,1/19/93,,890  Lychee Lane,Turin,Piedmont,Italy,10121,(259) 7387043,Abigail.Thoresbie@mail.com.it
FAN-6611727,Aiden,Aiden,Reisenstein,12/6/60,Male,415  Elm Court,Tokyo,,Japan,100-0001,,Aiden_Reisenstein@gmail.com.jp
FAN-6612908,Aiden,Aiden,Baumert,9/20/81,Male,801  Elm Road,Copenhagen,,Denmark,1000,(998) 1990187,ABaumert208@apple.com.dk
FAN-6619778,Aiden,Adan,Penwarden,3/22/99,,456 Oak St,Berlin,Berlin,Germany,10115,(159) 5209015,Aiden_Penwarden@hotmail.com.de
FAN-6632248,Aiden,Ayden,Gonsalo,7/21/61,,789  Nectarine Way,Madrid,Madrid,Spain,28001,,AGonsalo6@outlook.com.es
FAN-6641977,Alexander,Aleksander,Harbert,2/18/86,,505  Willow Ln,Block,NY,United States,87654,(412) 1643804,AHarbert189@gmail.com
FAN-6663233,Alexander,Alexzander,Sextie,8/28/73,Female,234 Cedar Court,Madrid,Community of Madrid,Spain,28001,(498) 7338743,Alexander_Sextie@aol.com.es
FAN-6692229,Alexander,Aleksander,Isaq,1/11/59,,909  Elm Ln,London,England,UK,W1A 1AA,,Alexander_Isaq@yahoo.com.uk
FAN-6710162,Alexander,Alexzander,Lokier,,,346 Pine Court,Seville,Andalusia,Spain,41001,(966) 4945865,Alexander_Lokier@aol.com.es
FAN-6710556,Andrew,Andreas,Townsend,6/26/60,Male,456  Maple Ave,Singapore,,Singapore,179805,(827) 6762732,ATownsend215@outlook.com.sg
FAN-6712707,Andrew,Andrew,McVicker,12/9/81,Female,101 Cedar Rd,Prague,,Czech Republic,110 00,(217) 5374811,AMcVicker183@apple.com.cz
FAN-6719098,Andrew,Andreas,Alekseicik,12/30/83,Male,456  Elm Road,Vancouver,BC,Canada,V6B 4Y8,(941) 8419940,Andrew_Alekseicik@hotmail.com.ca
FAN-6773409,Andrew,Andre,Hitter,11/8/01,Male,457 Oakwood Avenue,Rome,Lazio,Italy,118,(874) 1526131,Andrew_Hitter@yahoo.com.it
FAN-6797746,Benjamin,Ben,Batistelli,6/30/78,Female,567 Maple Lane,Berlin,Berlin,Germany,10115,,Benjamin_Batistelli@aol.com.de
FAN-6806240,Benjamin,Benjamen,Ruddle,1/18/89,,123 Main St,New York,NY,United States,10001,(932) 5545246,Benjamin.Ruddle@mail.com
FAN-6806930,Benjamin,Bennjamin,Petschel,5/18/87,Male,112 Pine Lane,Division,TX,United States,10987,,BPetschel248@yahoo.com
FAN-6841199,Benjamin,Bennjamin,Exposito,,,1121  Elm Road,Precinct,TX,United States,23456,(393) 2992673,BExposito74@yahoo.com
FAN-6851460,Chloe,Chloe,Dederick,,Nonbinary,101 Maple Ave,Paris,,France,75001,(828) 6094924,CDederick215@apple.com.fr
FAN-6868722,Chloe,Cloe,Docherty,,,011 Oak Drive,Chicago,IL,USA,60601,,Chloe_Docherty@aol.com
FAN-6879382,Chloe,Cleo,Klaff,6/1/78,Female,4848 Watermelon St,Barcelona,Catalonia,Spain,8001,(968) 2029882,CKlaff26@yahoo.com.es
FAN-6884009,Chloe,Cloe,Wornum,1/3/85,Female,234 Avocado Drive,Lisbon,Lisbon,Portugal,1500-001,(979) 5313959,CWornum32@outlook.com.pt
FAN-6923316,Christopher,Christopher,Knapper,4/6/64,,789  Pine St,New York,NY,USA,10001,(718) 3089203,CKnapper126@apple.com
FAN-6969291,Christopher,Christopher,Chiechio,7/4/08,Male,7181 Willow Street,Territory,TX,United States,56789,(891) 6482676,CChiechio82@apple.com
FAN-6991462,Christopher,Christopher,Arnaudon,,Male,303  Oak Ave,Mexico City,,Mexico,6010,(462) 1412921,Christopher_Arnaudon@gmail.com.mx
FAN-7007002,Christopher,Kristopher,Flude,,Female,913  Cedar Street,Quadrant,TX,United States,10987,(980) 1711817,Christopher_Flude@yahoo.com
FAN-7032518,Daniel,Danial,Bartell,,,135 Cedar Drive,London,England,UK,W1A 1AA,(259) 6095721,Daniel_Bartell@yahoo.com.uk
FAN-7033922,Daniel,Daniell,Fitzgerald,2/3/61,,4646 Papaya St,Lisbon,Lisbon,Portugal,1000-001,(821) 2888611,Daniel_Fitzgerald@hotmail.com.pt
FAN-7079135,Daniel,Daniell,Posnette,7/22/75,,606  Cherry St,Amsterdam,North Holland,Netherlands,1012 RJ,,DPosnette65@outlook.com.nl
FAN-7083006,Daniel,Daniell,Senner,11/27/70,Female,456 Apricot Drive,Seoul,Seoul,South Korea,4534,,Daniel_Senner@aol.com.kr
FAN-7106045,Elizabeth,Elizabith,Bather,,Male,4151  Redwood Avenue,Athens,,Greece,105 64,(424) 7995940,Elizabeth_Bather@hotmail.com.gr
FAN-7113971,Elizabeth,Elizabeth,Belleny,11/24/88,Male,2323  Watermelon St,Stockholm,Stockholm,Sweden,11120,(766) 9850609,EBelleny107@apple.com.se
FAN-7127838,Elizabeth,Elisabeth,Bouttell,7/26/03,Nonbinary,112 Elm Lane,Lyon,Auvergne-Rhône-Alpes,France,69001,,Elizabeth_Bouttell@yahoo.com.fr
FAN-7146245,Elizabeth,Elisabeth,Tennet,10/7/72,,123 Pine St,Beijing,,China,100006,,ETennet88@gmail.com.cn
FAN-7160701,Emily,Emily,Ebi,8/20/67,Female,2424 Pineapple St,Vienna,Vienna,Austria,1010,,EEbi53@apple.com.at
FAN-7165972,Emily,Emalee,Kaufman,6/8/68,Male,210 Pineapple Street,Seoul,Seoul,South Korea,3142,,Emily.Kaufman@mail.com.kr
FAN-7196370,Emily,Emmaleigh,Berthot,,Female,303 Birch St,Amsterdam,North Holland,Netherlands,1012 RJ,(479) 5595393,Emily_Berthot@aol.com.nl
FAN-7216049,Emily,Emily,Bolver,,,707  Maple Ave,Sofia,Sofia-Capital,Bulgaria,1000,(463) 1762605,EBolver12@apple.com.bg
FAN-7222926,Emma,Emm,Castanares,11/10/80,Male,4343 Blackberry St,St. Petersburg,Leningrad Oblast,Russia,190000,(417) 1941135,Emma_Castanares@hotmail.com.ru
FAN-7227009,Emma,Ema,Pomroy,12/9/67,Male,789  Elm Lane,Seoul,,South Korea,4526,(594) 4747457,EPomroy174@outlook.com.kr
FAN-7237221,Emma,Emma,Florey,,,123 Main St,Paris,Île-de-France,France,75001,(740) 9653626,Emma_Florey@gmail.com.fr
FAN-7258700,Emma,Ema,Bentzen,9/11/76,Female,321  Maple Avenue,Berlin,Berlin,Germany,10115,,EBentzen65@outlook.com.de
FAN-7265098,Ethan,Ethen,Baitey,8/18/91,,5678 Maple Street,Suburb,TX,United States,87654,(939) 3577495,EBaitey242@outlook.com
FAN-7276113,Ethan,Eitan,Sine,12/28/05,Female,344  Birch Avenue,Barcelona,Catalonia,Spain,8001,(447) 3995245,Ethan_Sine@yahoo.com.es
FAN-7332220,Ethan,Ethan,Fifield,3/15/88,,210 Grape Lane,Osaka,Osaka,Japan,530-0001,,EFifield106@apple.com.jp
FAN-7337276,Ethan,Ethen,Kirkham,7/25/06,,6171  Aspen Way,Hamlet,NY,United States,87654,(456) 6975570,Ethan_Kirkham@hotmail.com
FAN-7393798,Grace,Grace,MacAlees,8/21/75,,4444  Kiwi St,Athens,Attica,Greece,105 64,(702) 3252746,Grace_MacAlees@gmail.com.gr
FAN-7398051,Grace,Gracie,Bingley,3/31/78,Male,202  Cedar Ln,Township,CA,United States,23456,(200) 7701843,GBingley147@yahoo.com
FAN-7398975,Grace,Grayce,Hefferon,10/15/75,Female,567  Maple Lane,Toronto,ON,Canada,M5H 2N2,(218) 8991636,Grace_Hefferon@yahoo.com.ca
FAN-7404798,Grace,Grace,Gee,10/11/03,,909  Oak Ln,Cityscape,NY,United States,87654,(524) 5889326,GGee41@apple.com
FAN-7405266,Isabella,Ysabella,Purton,,Nonbinary,876  Cranberry Avenue,London,England,United Kingdom,W1A 1AA,(294) 8387261,IPurton127@yahoo.com.uk
FAN-7409534,Isabella,Isabela,Spottiswoode,7/7/57,Female,357  Aspen Way,Buenos Aires,,Argentina,C1002ABC,(985) 4861782,Isabella_Spottiswoode@hotmail.com.ar
FAN-7419788,Isabella,Izabella,Finicj,,Female,579  Elm Road,Megalopolis,TX,United States,56789,(945) 5097529,IFinicj127@gmail.com
FAN-7430898,Isabella,Izabella,Hassen,,Male,568 Cedar Drive,Milan,Lombardy,Italy,20121,(646) 3010467,Isabella_Hassen@yahoo.com.it
FAN-7460020,James,Jaymz,Cranshaw,6/17/85,Female,9101  Pine Drive,Barcelona,Catalonia,Spain,8002,(790) 1984477,JCranshaw244@yahoo.com.es
FAN-7468232,James,Jaims,Whatling,5/19/77,,1234  Pine Avenue,Osaka,Osaka,Japan,530-0001,,JWhatling71@outlook.com.jp
FAN-7471670,James,James,Shuttlewood,12/10/57,Male,617  Maple Lane,Community,NY,United States,23456,(327) 8514744,JShuttlewood12@apple.com
FAN-7472458,James,Jaims,Downe,9/2/07,Male,3141  Cedar Lane,Berlin,Berlin,Germany,10117,,James_Downe@aol.com.de
FAN-7491155,Joseph,Josef,Burg,11/20/79,Male,909 Elm Ln,New York,NY,United States,10001,(812) 9959879,Joseph_Burg@yahoo.com
FAN-7495136,Joseph,Josef,Roddell,5/2/61,Male,789  Maple Ln,Lisbon,Lisbon,Portugal,1100-001,,JRoddell19@gmail.com.pt
FAN-7560477,Joseph,Jozef,Lease,11/6/59,Female,617  Aspen Road,Rio de Janeiro,Rio de Janeiro,Brazil,20000-001,(748) 9031164,Joseph_Lease@hotmail.com.br
FAN-7575571,Joseph,Josef,Schiefersten,12/20/04,Female,606  Cedar Ave,Stockholm,,Sweden,11120,,Joseph.Schiefersten@mail.com.se
FAN-7603796,Katherine,Katarina,Bengoechea,8/14/93,Female,910  Elm Way,Tokyo,,Japan,100-0001,,KBengoechea77@yahoo.com.jp
FAN-7666021,Katherine,Katarina,Bushe,5/23/85,Nonbinary,606 Cherry St,Zurich,Zurich,Switzerland,8001,,Katherine_Bushe@hotmail.com.ch
FAN-7723409,Katherine,Katherine,Kisbee,,,789  Maple St,Milan,Lombardy,Italy,20121,(810) 9053151,Katherine_Kisbee@gmail.com.it
FAN-7778109,Katherine,Kathryn,Usherwood,,Male,202 Oak Ave,Bogotá,,Colombia,110321,,KUsherwood43@gmail.com.co
FAN-7778510,Lily,Lilly,McCahey,8/20/05,Male,678 Peach Street,Paris,Ile-de-France,France,75003,(146) 2196563,Lily_McCahey@hotmail.com.fr
FAN-7830774,Lily,Lillie,Osler,6/23/62,Female,314  Aspen Street,Hamburg,Hamburg,Germany,20095,(313) 4011197,Lily.Osler@mail.com.de
FAN-7833074,Lily,Lili,MacGillavery,10/8/88,Nonbinary,6171  Aspen Circle,Tokyo,Tokyo,Japan,100-0001,,Lily_MacGillavery@aol.com.jp
FAN-7834184,Lily,Lili,Camus,,Female,789 Oakwood Avenue,Hamburg,Hamburg,Germany,20095,(186) 3288220,Lily_Camus@aol.com.de
FAN-7834466,Madison,Madyson,Zucker,4/11/71,Male,124  Birch Road,Mexico City,,Mexico,6010,,Madison_Zucker@hotmail.com.mx
FAN-7870436,Madison,Madisyn,Dibdale,5/23/00,Female,677  Oak Drive,Oslo,Oslo,Norway,10,(285) 2648489,Madison_Dibdale@yahoo.com.no
FAN-7886505,Madison,Madyson,Vautier,,Female,3030  Blueberry St,Madrid,Madrid,Spain,28001,(717) 1214735,Madison_Vautier@hotmail.com.es
FAN-7917767,Madison,Madison,Ierland,4/11/06,,909  Pine Ave,Liverpool,England,UK,L3 5TR,(227) 6519216,Madison_Ierland@gmail.com.uk
FAN-7923265,Matthew,Matthieu,Ferron,4/7/02,Male,505 Cedar Ln,Tokyo,,Japan,100-0001,(564) 6437059,Matthew_Ferron@aol.com.jp
FAN-7939695,Matthew,Mathew,Lathaye,5/13/09,,1414  Grape St,Buenos Aires,Capital Federal,Argentina,C1107AAA,(570) 8034758,Matthew_Lathaye@yahoo.com.ar
FAN-8052991,Matthew,Matthieu,Luard,9/12/63,,808  Pine Rd,Madrid,,Spain,28013,,Matthew_Luard@aol.com.es
FAN-8078831,Matthew,Mathew,Brumham,,Female,455 Maple Street,London,England,UK,W1A 1AA,(937) 5756439,Matthew.Brumham@mail.com.uk
FAN-8080002,Michael,Mikael,Linfield,3/21/90,Male,210  Pineapple Street,Cluster,CA,United States,56789,(509) 6097654,Michael_Linfield@yahoo.com
FAN-8090324,Michael,Michael,Reford,,,1121 Birch Lane,Precinct,CA,United States,23456,(947) 4318513,Michael_Reford@gmail.com
FAN-8107529,Michael,Michal,Kristoffersson,9/13/78,Female,4151  Redwood Drive,Liverpool,England,UK,L3 5TR,,Michael_Kristoffersson@aol.com.uk
FAN-8143164,Michael,Michael,Tennet,5/30/84,,4545 Avocado St,Athens,Attica,Greece,105 64,(749) 6618600,MTennet172@apple.com.gr
FAN-8145102,Olivia,Olyvia,Hembrow,8/11/01,Female,202 Cedar St,Brussels,Brussels,Belgium,1000,(705) 2770150,OHembrow190@gmail.com.be
FAN-8155684,Olivia,Alivia,Kwiek,5/11/70,,654  Lime Lane,Montreal,QC,Canada,H2X 1Y6,(200) 3566022,Olivia_Kwiek@hotmail.com.ca
FAN-8158333,Olivia,Alivia,Renfield,3/24/72,Female,1515  Strawberry St,Athens,Attica,Greece,105 64,(632) 8409198,Olivia_Renfield@aol.com.gr
FAN-8182403,Olivia,Olyvia,Tomaszek,1/29/70,Male,2626  Mango St,Buenos Aires,,Argentina,C1002ABC,(238) 7723523,Olivia_Tomaszek@yahoo.com.ar
FAN-8198382,Samuel,Sam,Vardey,3/17/63,Male,123 Main Street,Anytown,CA,United States,12345,(721) 6276802,Samuel_Vardey@yahoo.com
FAN-8252780,Samuel,Sam,MacLucais,6/25/05,Female,6171 Aspen Way,Province,CA,United States,10987,(908) 8612623,Samuel_MacLucais@yahoo.com
FAN-8259192,Samuel,Samuel,Wolfarth,4/23/05,Male,987  Passionfruit Drive,Paris,Ile-de-France,France,75001,(221) 4316186,Samuel_Wolfarth@gmail.com.fr
FAN-8293439,Samuel,Samuelito,Buie,10/10/79,Female,987  Pine Road,Beijing,,China,100006,(993) 9240183,SBuie232@yahoo.com.cn
FAN-8366014,Sophia,Soffia,McBrearty,,Female,1234  Oak Place,Rio de Janeiro,,Brazil,20040-002,(408) 5301508,Sophia_McBrearty@aol.com.br
FAN-8379456,Sophia,Sofia,Falls,4/22/88,,890  Raspberry Lane,Villagetown,CA,United States,67890,,SFalls186@gmail.com
FAN-8391028,Sophia,Sophia,Royce,4/24/87,Male,4949 Pineapple St,Rome,Lazio,Italy,118,,SRoyce96@apple.com.it
FAN-8396198,Sophia,Soffia,Neave,2/23/05,Male,987  Cedar Lane,Zagreb,Zagreb,Croatia,10000,(794) 3877632,Sophia_Neave@hotmail.com.hr
FAN-8425559,William,Guillermo,Gartsyde,,Female,678  Mango Lane,Sydney,NSW,Australia,2000,(740) 1406769,WGartsyde102@yahoo.com.au
FAN-8432214,William,Willem,Prowse,1/4/72,Male,516  Oak Drive,Rome,Lazio,Italy,118,(418) 3550300,William_Prowse@aol.com.it
FAN-8476294,William,William,Whiskerd,2/20/00,Female,3131 Blackberry St,Lisbon,Lisbon,Portugal,1000-001,(861) 1766366,William_Whiskerd@gmail.com.pt
FAN-8492379,William,Willem,Divine,9/6/82,Female,321 Maple Avenue,Toronto,ON,Canada,M5H 2N2,(701) 6405034,William_Divine@hotmail.com.ca
FAN-8495678,Abigail,Abigayle,Watling,,Nonbinary,808  Maple Rd,Madrid,Community of Madrid,Spain,28001,,Abigail_Watling@aol.com.es
FAN-8500853,Abigail,Abbigail,Attwool,9/15/60,Female,432 Mango Way,Madrid,Community of Madrid,Spain,28001,(304) 1045046,AAttwool152@yahoo.com.es
FAN-8546429,Abigail,Abigail,Furmagier,11/13/93,,2020 Avocado St,Oslo,Oslo,Norway,10,(538) 8993560,Abigail_Furmagier@gmail.com.no
FAN-8564819,Abigail,Abbigail,Danher,7/23/74,,6171 Aspen Circle,Borough,NY,United States,43210,(309) 4372917,ADanher246@yahoo.com
FAN-8573412,Aiden,Aidan,Barenskie,8/9/83,Male,654  Guava Road,Zurich,Zurich,Switzerland,8001,(763) 9034153,ABarenskie174@gmail.com.ch
FAN-8583850,Aiden,Adan,Lathaye,2/23/92,Female,2222 Pomegranate St,Helsinki,Uusimaa,Finland,100,(558) 8528495,Aiden_Lathaye@hotmail.com.fi
FAN-8591059,Aiden,Adan,Horning,3/27/72,,678  Coconut Circle,Montreal,QC,Canada,H2X 1Y6,(576) 9928019,Aiden_Horning@hotmail.com.ca
FAN-8622033,Aiden,Aidan,Sartin,,Male,321 Pomegranate Lane,Sydney,New South Wales,Australia,2000,,Aiden.Sartin@mail.com.au
FAN-8629846,Alexander,Aleksander,Gerssam,10/25/96,Female,790  Birch Street,Zone,NY,United States,56789,(217) 4363554,Alexander_Gerssam@yahoo.com
FAN-8641093,Alexander,Aleksander,Worvell,,Female,789  Maple Drive,London,England,United Kingdom,W1A 1AA,(364) 8089920,Alexander.Worvell@mail.com.uk
FAN-8641535,Alexander,Alexzander,Wisniewski,8/28/96,Nonbinary,819  Cedar Avenue,Everywhere,CA,United States,54321,(584) 4934402,Alexander_Wisniewski@hotmail.com
FAN-8675384,Alexander,Alexzander,Eddington,11/25/74,Female,4151 Redwood Drive,Outskirts,TX,United States,87654,(160) 3935893,Alexander_Eddington@aol.com
FAN-8677815,Andrew,Andrew,McAusland,12/17/06,,789 Maple Drive,Nowhere,NY,United States,54321,,AMcAusland239@apple.com
FAN-8696017,Andrew,Andrew,O'Kinedy,4/16/03,Female,567  Willow Way,Porto,Porto,Portugal,4050-481,(243) 8778565,AO'Kinedy137@apple.com.pt
FAN-8703655,Andrew,Andreas,Crut,,Male,3636 Watermelon St,Madrid,Madrid,Spain,28001,(271) 3675592,ACrut137@outlook.com.es
FAN-8706494,Andrew,Andre,Bellon,,Male,801 Elm Road,Rotterdam,South Holland,Netherlands,3012 BN,(781) 5594207,Andrew_Bellon@yahoo.com.nl
FAN-8712304,Benjamin,Ben,Standall,5/15/67,Female,210  Grape Lane,Locale,CA,United States,10987,(267) 9559993,BStandall151@outlook.com
FAN-8716664,Benjamin,Benjamen,Mullin,3/27/95,,707  Willow Rd,Amsterdam,North Holland,Netherlands,1012 AB,,Benjamin_Mullin@yahoo.com.nl
FAN-8731197,Benjamin,Bennjamin,Nulty,,Female,234  Birch Lane,Lisbon,Lisbon,Portugal,1000-001,,Benjamin_Nulty@hotmail.com.pt
FAN-8731778,Benjamin,Ben,Rockwell,2/17/03,,567 Willow Way,Lisbon,Lisbon,Portugal,1000-001,,Benjamin_Rockwell@hotmail.com.pt
FAN-8737687,Chloe,Cloe,Jessett,,Male,920  Maple Boulevard,Sector,TX,United States,23456,(824) 5490786,Chloe_Jessett@hotmail.com
FAN-8743159,Chloe,Khloe,Grantham,8/5/01,Female,505 Willow Ln,Tokyo,,Japan,100-0001,,Chloe_Grantham@yahoo.com.jp
FAN-8771501,Chloe,Khloe,Durand,,Male,3939 Mango St,Zurich,Zurich,Switzerland,8001,(428) 5975311,Chloe.Durand@mail.com.ch
FAN-8780478,Chloe,Chloe,Riccetti,9/14/92,Nonbinary,4242  Blueberry St,Bucharest,Bucharest,Romania,50711,(407) 8018716,Chloe_Riccetti@gmail.com.ro
FAN-8801867,Christopher,Kristopher,McCumskay,1/27/09,Nonbinary,606  Oak Ln,Doha,,Qatar,PO Box 25577,,Christopher_McCumskay@yahoo.com.qa
FAN-8832440,Christopher,Kristopher,Reyburn,11/24/66,Female,7181 Willow Street,District,CA,United States,87654,(399) 1398760,CReyburn135@gmail.com
FAN-8841312,Christopher,Christopher,Kinker,5/8/09,Female,913 Cedar Street,Hamburg,Hamburg,Germany,20095,(271) 1930116,Christopher_Kinker@gmail.com.de
FAN-8850457,Christopher,Krystoffer,Lace,8/27/94,Male,920 Maple Boulevard,Community,NY,United States,23456,(822) 8066924,CLace150@yahoo.com
FAN-8877754,Daniel,Danial,Castelletto,11/12/79,Female,123 Banana Road,Zurich,Zurich,Switzerland,8001,(834) 8951569,DCastelletto133@gmail.com.ch
FAN-8894871,Daniel,Danial,Dumini,8/18/70,Male,3636  Watermelon St,Milan,Lombardy,Italy,20123,(505) 2359435,DDumini101@gmail.com.it
FAN-8905198,Daniel,Daniell,Floodgate,6/26/71,Female,2828 Raspberry St,Kyiv,Kyiv,Ukraine,1001,(734) 5938957,DFloodgate185@outlook.com.ua
FAN-8945561,Daniel,Danial,Leadstone,3/25/62,Male,718 Willow Drive,Cluster,CA,United States,56789,(331) 9688809,Daniel_Leadstone@yahoo.com
FAN-8957898,Elizabeth,Lizbeth,Paler,1/15/78,Female,2727 Papaya St,Bratislava,Bratislava,Slovakia,81101,(927) 2298865,Elizabeth_Paler@hotmail.com.sk
FAN-8971591,Elizabeth,Elizabith,Ellissen,4/27/80,,9201  Maple Way,Everyville,CA,United States,98765,,EEllissen127@outlook.com
FAN-8994678,Elizabeth,Elisabeth,Angus,8/16/00,Male,909  Elm Rd,Cairo,,Egypt,11519,(739) 1969888,EAngus179@gmail.com.eg
FAN-9001272,Elizabeth,Elizabith,Gebbe,6/25/08,Female,987 Cedar Lane,Anywhere,NY,United States,87654,(824) 2558286,EGebbe88@outlook.com
FAN-9006656,Emily,Emmaleigh,Colles,1/22/81,Female,765 Pineapple Boulevard,Buenos Aires,Capital Federal,Argentina,C1107AAA,(687) 2179868,EColles161@outlook.com.ar
FAN-9065391,Emily,Emmaleigh,Loadwick,10/17/57,,122  Cedar Lane,Berlin,,Germany,10178,(562) 1332549,ELoadwick148@outlook.com.de
FAN-9091170,Emily,Emily,Mizzen,,,5161  Birch Lane,Rome,Lazio,Italy,118,,Emily_Mizzen@gmail.com.it
FAN-9092701,Emily,Amelie,Grantham,12/19/78,Male,2929 Strawberry St,Munich,Bavaria,Germany,80331,(313) 4461218,EGrantham89@yahoo.com.de
FAN-9130200,Emma,Emm,Abramino,5/16/04,Female,505 Maple Ln,Vienna,,Austria,1010,,EAbramino173@yahoo.com.at
FAN-9135566,Emma,Emmah,MacCoughan,12/28/04,Female,654 Birch Lane,Berlin,Berlin,Germany,10115,(768) 5802499,Emma.MacCoughan@mail.com.de
FAN-9144735,Emma,Emma,Coogan,,Male,617 Maple Lane,Sector,TX,United States,23456,(100) 2175345,Emma_Coogan@gmail.com
FAN-9239338,Emma,Emm,Dillingston,,Male,445  Oak Road,Oslo,,Norway,180,(288) 8081913,Emma_Dillingston@hotmail.com.no
FAN-9243232,Ethan,Ethan,Simony,6/20/75,Male,654 Aspen Boulevard,Megalopolis,TX,United States,56789,(231) 3456193,ESimony65@apple.com
FAN-9245915,Ethan,Eitan,Jirusek,12/15/92,,456  Apricot Drive,Cityville,TX,United States,98765,(253) 2463197,Ethan.Jirusek@mail.com
FAN-9248524,Ethan,Athan,Braxay,8/27/87,Female,707  Pineapple St,Sector,NY,United States,56789,(697) 9546732,Ethan_Braxay@hotmail.com
FAN-9255968,Ethan,Eitan,Shirrell,,Colorado,788 Cedar Road,Paris,Ile-de-France,France,75001,(219) 2661186,EShirrell203@gmail.com.fr
FAN-9265629,Grace,Grayce,Ekkel,8/31/76,Female,1717  Blueberry St,Warsaw,,Poland,00-001,(157) 6918202,Grace.Ekkel@mail.com.pl
FAN-9308199,Grace,Greys,MacCoughan,,Female,321  Lemon Avenue,Uptown,CA,United States,56789,(740) 7255326,Grace_MacCoughan@hotmail.com
FAN-9376033,Grace,Grace,McCullagh,10/4/01,Female,2626 Mango St,Sofia,Sofia-Capital,Bulgaria,1000,(925) 1082906,GMcCullagh54@apple.com.bg
FAN-9378596,Grace,Greys,Gebbe,,,101 Elm St,Sydney,NSW,Australia,2000,(520) 2942496,Grace_Gebbe@hotmail.com.au
FAN-9384303,Isabella,Izabella,Gabitis,,Male,1212  Orange St,Stockholm,Stockholm,Sweden,11120,(838) 7649441,Isabella_Gabitis@yahoo.com.se
FAN-9396617,Isabella,Isabela,Royds,,Female,455  Maple Street,New York,NY,United States,10001,(454) 2919717,IRoyds43@outlook.com
FAN-9398170,Isabella,Ysabella,Randales,7/24/87,Female,321 Elm Street,Paris,Ile-de-France,France,75001,(129) 1889935,Isabella_Randales@hotmail.com.fr
FAN-9411625,Isabella,Isabela,Killingsworth,1/4/62,,678 Mango Lane,Brussels,Brussels,Belgium,1000,(168) 5313775,Isabella_Killingsworth@hotmail.com.be
FAN-9425182,James,Jaymz,McCuish,3/2/05,Nonbinary,8191  Oak Boulevard,Anytown,CA,United States,12345,(663) 2931303,James_McCuish@hotmail.com
FAN-9432595,James,James,Exposito,8/12/64,,3838 Coconut St,Lyon,Auvergne-Rhône-Alpes,France,69001,(393) 2992673,James_Exposito@gmail.com.fr
FAN-9445680,James,James,Normanvill,11/18/80,Male,8191 Oak Court,Locale,TX,United States,23456,(290) 6415206,JNormanvill31@apple.com
FAN-9454297,James,Jaymz,Dunnan,,Female,5678  Cedar Road,Copenhagen,Capital Region,Denmark,1000,(641) 4855388,JDunnan200@yahoo.com.dk
FAN-9485968,Joseph,Josif,Pinches,11/13/98,Male,468  Birch Street,Lisbon,Lisbon,Portugal,1600-001,,Joseph_Pinches@hotmail.com.pt
FAN-9526001,Joseph,Josef,Rosin,8/27/63,Male,321  Birch Drive,Berlin,,Germany,10115,(423) 9346022,JRosin40@gmail.com.de
FAN-9544449,Joseph,Jozef,Norman,9/7/80,Female,246  Oakwood Lane,Mexico City,Ciudad de Mexico,Mexico,1000,(486) 7568506,Joseph_Norman@hotmail.com.mx
FAN-9606728,Joseph,Joseph,Tesimon,2/5/70,,789  Cedar Rd,Lyon,Auvergne-Rhône-Alpes,France,69001,(421) 1356422,Joseph_Tesimon@gmail.com.fr
FAN-9609644,Katherine,Katarina,Burtwistle,,Female,789 Kiwi Avenue,London,England,United Kingdom,W1F 7ED,(577) 9269599,Katherine_Burtwistle@hotmail.com.uk
FAN-9612931,Katherine,Katarina,Emnoney,,Male,4141 Strawberry St,Prague,Prague,Czech Republic,110 00,,KEmnoney211@yahoo.com.cz
FAN-9660505,Katherine,Catherine,Hembrow,,,1414 Grape St,St. Petersburg,Leningrad Oblast,Russia,190000,,Katherine_Hembrow@aol.com.ru
FAN-9664582,Katherine,Catherine,Cholton,3/15/10,,101  Cedar Rd,Istanbul,,Turkey,34110,(296) 4589549,Katherine_Cholton@hotmail.com.tr
FAN-9699213,Lily,Lillie,Handyside,1/13/10,Male,404  Elm St,Division,CA,United States,87654,(701) 7908334,Lily_Handyside@yahoo.com
FAN-9701199,Lily,Lilly,Duffin,2/8/94,Female,1515 Strawberry St,Warsaw,Masovian Voivodeship,Poland,00-001,,Lily_Duffin@hotmail.com.pl
FAN-9704369,Lily,Lillie,Allewell,,Male,124 Birch Road,Madrid,Community of Madrid,Spain,28001,(591) 1795511,Lily.Allewell@mail.com.es
FAN-9708177,Lily,Lili,Sargison,8/7/66,Male,7181  Willow Street,Bratislava,Bratislava,Slovakia,81101,,LSargison106@outlook.com.sk
FAN-9732021,Madison,Maddison,Oldman,8/25/66,,667  Elm Lane,Madrid,Community of Madrid,Spain,28004,,Madison_Oldman@hotmail.com.es
FAN-9733696,Madison,Madison,Poles,3/24/64,,2020  Avocado St,Liverpool,England,UK,L3 5TR,,MPoles248@apple.com.uk
FAN-9743416,Madison,Madisyn,Elloway,,Male,909  Banana St,Kyiv,Kyiv,Ukraine,1001,(762) 8568739,Madison.Elloway@mail.com.ua
FAN-9753719,Madison,Madison,Coggan,,Male,235 Elm Lane,Barcelona,Catalonia,Spain,8001,(346) 8803997,MCoggan135@apple.com.es
FAN-9768711,Matthew,Matthew,Bodega,9/7/89,Male,468 Birch Street,Paris,Ile-de-France,France,75001,(885) 7757055,MBodega170@apple.com.fr
FAN-9776469,Matthew,Mathew,Picton,12/27/82,Male,3232  Kiwi St,Zurich,Zurich,Switzerland,8001,(951) 3569490,MPicton25@gmail.com.ch
FAN-9779268,Matthew,Matthieu,Askie,9/2/77,,415 Willow Avenue,Zone,NY,United States,56789,,Matthew_Askie@aol.com
FAN-9783885,Matthew,Matthieu,Josupeit,,Male,802 Maple Drive,Munich,Bavaria,Germany,80331,(660) 7438463,Matthew_Josupeit@aol.com.de
FAN-9794581,Michael,Michal,Smithson,2/27/01,,579 Elm Road,Marseille,Provence-Alpes-Côte d'Azur,France,13001,(758) 4674647,Michael_Smithson@hotmail.com.fr
FAN-9795274,Michael,Mikael,Rosenbaum,9/25/99,Nonbinary,1818  Blackberry St,Munich,Bavaria,Germany,80335,(944) 1770929,Michael_Rosenbaum@yahoo.com.de
FAN-9816331,Michael,Mikael,Borne,3/29/92,Male,802  Maple Drive,Los Angeles,CA,USA,90001,(196) 7864151,MBorne28@gmail.com
FAN-9827189,Michael,Mikael,Brownsword,,Male,789 Maple St,Madrid,Madrid,Spain,28001,,Michael_Brownsword@yahoo.com.es
FAN-9834315,Olivia,Alivia,Pirri,,Male,654  Aspen Boulevard,Marseille,Provence-Alpes-Côte d'Azur,France,13001,(849) 2438062,Olivia_Pirri@aol.com.fr
FAN-9847724,Olivia,Olivia,Cadlock,10/5/05,Male,889 Maple Street,New York,NY,USA,10001,,Olivia_Cadlock@gmail.com
FAN-9859192,Olivia,Alyvia,Causnett,3/15/62,Female,123  Main Street,London,,United Kingdom,EC1A 1BB,(700) 9362691,Olivia_Causnett@hotmail.com.uk
FAN-9886517,Olivia,Olyvia,Cruickshank,1/25/98,Male,101  Elm St,Brussels,Brussels,Belgium,1000,(902) 5237442,Olivia.Cruickshank@mail.com.be
FAN-9901729,Samuel,Sam,Mendes,,Male,678 Coconut Circle,Madrid,Community of Madrid,Spain,28004,(477) 4370541,SMendes108@gmail.com.es
FAN-9910621,Samuel,Samuell,Flatt,7/17/60,Male,707 Maple Ave,Buenos Aires,,Argentina,C1002ABC,(560) 4292572,SFlatt149@outlook.com.ar
FAN-9913759,Samuel,Samuel,Rigeby,5/8/94,Female,415 Elm Court,Block,CA,United States,87654,(676) 7637786,SRigeby133@apple.com
FAN-9915193,Samuel,Sam,Dethloff,3/8/86,,404  Birch Rd,District,NY,United States,23456,(528) 9154405,SDethloff121@gmail.com
FAN-9915318,Sophia,Soffia,Burg,,,9101 Pine Drive,Villagetown,CA,United States,67890,(924) 6937956,Sophia_Burg@hotmail.com
FAN-9925460,Sophia,Sophia,Gee,4/28/90,Female,678  Pine Drive,Los Angeles,CA,United States,90001,(524) 5889326,SGee121@apple.com
FAN-9927994,Sophia,Sofiya,McMakin,,,344 Birch Avenue,Vancouver,BC,Canada,V6B 4Y8,(828) 4620413,Sophia_McMakin@hotmail.com.ca
FAN-9951084,Sophia,Sofia,Bolmann,2/28/81,Male,345 Oak Street,Madrid,Community of Madrid,Spain,28001,(908) 7036120,Sophia.Bolmann@mail.com.es
FAN-9953546,William,Will,Pavel,3/18/02,,456 Cedar Road,Urban,TX,United States,54321,(943) 6295757,WPavel36@gmail.com
FAN-9956275,William,Will,Sircomb,4/16/81,,432  Strawberry Court,Somewhereton,CA,United States,43210,,WSircomb2@gmail.com
FAN-9958480,William,Guillermo,Aslum,1/13/69,Nonbinary,567 Starfruit Avenue,Tokyo,Tokyo,Japan,100-0001,(379) 8574277,WAslum82@yahoo.com.jp
FAN-9992068,William,Will,Thomann,2/25/57,Nonbinary,778 Birch Road,Vancouver,BC,Canada,V6B 4Y8,(454) 9990520,William.Thomann@mail.com.ca