FanId,FirstName,LastName,Email1,Email2
FAN-1029453,Abigale,Torpie,Abigale_Torpie@gmail.com.uk,Abigail_Torpie@aol.com.uk
FAN-1031599,Abbigail,Penkman,Abbigail_Penkman@gmail.com.sa,APenkman85@gmail.com.sa
FAN-1051279,Abigale,Boulton,Abigale_Boulton@gmail.com.jp,Abigail_Boulton@hotmail.com.jp
FAN-1071081,Abigale,Eagell,Abigale_Eagell@yahoo.com.eg,
FAN-1077692,Aidan,Braune,Aidan_Braune@yahoo.com.it,ABraune232@yahoo.com.it
FAN-1080305,Ayden,Walsom,Ayden_Walsom@gmail.com.tr,AWalsom201@apple.com.tr
FAN-1118908,Aidan,Blaise,Aidan_Blaise@aol.com,
FAN-1139477,Aidan,Brownsey,Aidan.Brownsey@mail.com.ar,
FAN-1173911,Aleksander,Bester,ABester45@outlook.com,
FAN-1175288,Alexander,Scotti,Alexander_Scotti@hotmail.com.de,AScotti43@yahoo.com.de
FAN-1234078,Alexzander,Liccardi,Alexzander_Liccardi@aol.com,Alexzander__Liccardi@hotmail.com
FAN-1239497,Alaxander,Pinchbeck,APinchbeck13@yahoo.com.nl,
FAN-1260526,Andre,Sogg,Andre_Sogg@yahoo.com.de,
FAN-1280995,Andrew,Daftor,Andrew_Daftor@hotmail.com,ADaftor225@outlook.com
FAN-1290448,Andrey,Bosden,ABosden207@gmail.com,Andrew_Bosden@yahoo.com
FAN-1291177,Andre,holmes,Andre_holmes@yahoo.com.hu,Aholmes234@apple.com.hu
FAN-1293049,Benjamen,Harower,Benjamen_Harower@yahoo.com.de,
FAN-1293887,Ben,Van den Hof,Ben_VandenHof@gmail.com.gr,Benjamin_VandenHof@gmail.com.gr
FAN-1306732,Ben,Warde,BWarde18@gmail.com,B_Warde18@hotmail.com
FAN-1363046,Ben,Swane,Ben_Swane@aol.com,
FAN-1372955,Cloe,Duffin,Cloe_Duffin@gmail.com.fr,CDuffin150@outlook.com.fr
FAN-1389636,Khloe,Baxstar,KBaxstar242@yahoo.com.ar,CBaxstar203@apple.com.ar
FAN-1394118,Khloe,Baynton,Khloe.Baynton@mail.com.uk,
FAN-1411626,Khloe,Guinan,Khloe_Guinan@gmail.com.be,Khloe__Guinan@hotmail.com.be
FAN-1447620,Christophe,Myall,Christophe_Myall@hotmail.com.uk,Christopher.Myall@mail.com.uk
FAN-1502535,Krystoffer,Gook,Krystoffer_Gook@gmail.com.uk,
FAN-1509417,Christopher,Magee,CMagee230@gmail.com.fr,CMagee158@apple.com.fr
FAN-1525316,Kristopher,Atack,KAtack11@outlook.com,
FAN-1543489,Danial,Dikels,DDikels235@yahoo.com,DDikels55@apple.com
FAN-1545374,Danial,Bilbrook,Danial_Bilbrook@aol.com,Daniel_Bilbrook@yahoo.com
FAN-1545810,Daniell,Hankey,DHankey238@yahoo.com.ar,DHankey32@outlook.com.ar
FAN-1570540,Danial,Purbrick,Danial_Purbrick@hotmail.com.gr,DPurbrick7@yahoo.com.gr
FAN-1577132,Elizabith,Filippov,Elizabith_Filippov@yahoo.com.mx,
FAN-1582928,Elizabith,Standeven,Elizabith_Standeven@hotmail.com.ch,
FAN-1609646,Elisabeth,Shirrell,Elisabeth_Shirrell@hotmail.com.ca,
FAN-1613492,Elizabeth,Vedenyapin,Elizabeth_Vedenyapin@gmail.com.mx,
FAN-1654512,Emily,Cessford,ECessford230@gmail.com,E_Cessford230@hotmail.com
FAN-1690386,Emmaleigh,Josephi,Emmaleigh_Josephi@aol.com.es,
FAN-1700571,Emalee,Vallery,Emalee.Vallery@mail.com.kr,
FAN-1733338,Emalee,Melladew,Emalee_Melladew@hotmail.com.ca,
FAN-1747986,Emm,Pitson,Emm_Pitson@yahoo.com,
FAN-1773000,Emma,Lydden,Emma.Lydden@mail.com.uk,
FAN-1793957,Ema,Brunsen,Ema_Brunsen@aol.com,
FAN-1794102,Emma,Stritton,Emma_Stritton@gmail.com,
FAN-1797243,Ethen,Grigolon,EGrigolon180@gmail.com.jp,
FAN-1799995,Eitan,Legge,Eitan_Legge@aol.com.fr,
FAN-1822456,Eitan,Coggan,ECoggan75@outlook.com.kr,ECoggan24@outlook.com.kr
FAN-1837426,Ethen,Faragher,EFaragher238@outlook.com.pt,
FAN-1864252,Greys,Armit,Greys_Armit@aol.com.fr,
FAN-1868430,Grayce,Gentzsch,Grayce.Gentzsch@mail.com.pl,
FAN-1870592,Grayce,Netherclift,Grayce_Netherclift@hotmail.com.ru,Grace_Netherclift@aol.com.ru
FAN-1876301,Gracie,Nerheny,Gracie_Nerheny@hotmail.com.at,Gracie__Nerheny@hotmail.com.at
FAN-1880545,Ysabella,Pearce,YPearce86@outlook.com.pt,
FAN-1881461,Izabella,Braddick,Izabella_Braddick@yahoo.com,IBraddick177@outlook.com
FAN-1888427,Izabella,Sayre,Izabella_Sayre@yahoo.com.uk,Isabella_Sayre@yahoo.com.uk
FAN-1891941,Izabella,Hoyles,Izabella_Hoyles@hotmail.com.uk,
FAN-1896032,Jaymz,Busk,JBusk223@outlook.com.es,
FAN-1902015,Jaymz,Dwire,JDwire6@gmail.com.no,
FAN-1910648,Jaims,Jaye,Jaims_Jaye@gmail.com.pt,
FAN-1914303,Jaims,Harmes,Jaims_Harmes@hotmail.com,JHarmes212@outlook.com
FAN-1927587,Jozef,Reford,Jozef_Reford@hotmail.com.ru,
FAN-1940543,Jozef,Yockley,Jozef.Yockley@mail.com,JYockley225@outlook.com
FAN-1949136,Josef,Batistelli,Josef_Batistelli@yahoo.com.es,JBatistelli125@apple.com.es
FAN-1958740,Josef,Siehard,JSiehard21@apple.com.uk,
FAN-1960402,Kathryn,Baitey,Kathryn_Baitey@hotmail.com.it,Kathryn__Baitey@hotmail.com.it
FAN-1960602,Kathryn,Gudge,Kathryn.Gudge@mail.com,
FAN-1972995,Catherine,Grubey,CGrubey223@gmail.com.it,C_Grubey223@hotmail.com.it
FAN-2010151,Kathryn,Rosenbaum,Kathryn_Rosenbaum@yahoo.com,
FAN-2010771,Lillie,Kinchington,Lillie_Kinchington@hotmail.com.hu,
FAN-2011048,Lili,Camocke,Lili_Camocke@gmail.com.fr,LCamocke204@yahoo.com.fr
FAN-2092843,Lilly,Housbey,Lilly.Housbey@mail.com,LHousbey167@apple.com
FAN-2128618,Lily,Keech,LKeech184@gmail.com.gr,LKeech173@outlook.com.gr
FAN-2139863,Maddison,Radnedge,MRadnedge83@yahoo.com.br,M_Radnedge83@hotmail.com.br
FAN-2142178,Madison,Cordeux,MCordeux242@gmail.com.ro,M_Cordeux242@hotmail.com.ro
FAN-2182093,Madisyn,Sayles,MSayles140@yahoo.com,Madison_Sayles@yahoo.com
FAN-2238347,Maddison,Whatling,Maddison_Whatling@hotmail.com.de,Madison_Whatling@hotmail.com.de
FAN-2244761,Matthieu,Ellesmere,Matthieu_Ellesmere@hotmail.com.es,Matthew_Ellesmere@aol.com.es
FAN-2266113,Matthieu,Parram,Matthieu_Parram@hotmail.com.de,
FAN-2267294,Mathew,Hammell,Mathew_Hammell@gmail.com.uk,MHammell109@gmail.com.uk
FAN-2285564,Matthieu,Cresswell,Matthieu_Cresswell@gmail.com,Matthew_Cresswell@yahoo.com
FAN-2285853,Mikel,Kearn,Mikel_Kearn@gmail.com,Mikel__Kearn@hotmail.com
FAN-2306653,Michal,Spatoni,Michal.Spatoni@mail.com.fr,Michal._Spatoni@hotmail.com.fr
FAN-2319251,Michael,Kellen,Michael_Kellen@gmail.com,
FAN-2373198,Michal,Atling,MAtling168@outlook.com.fr,
FAN-2381532,Alyvia,Fominov,AFominov182@outlook.com.mx,Olivia_Fominov@aol.com.mx
FAN-2385979,Alyvia,Tiffin,Alyvia_Tiffin@aol.com.nl,
FAN-2390444,Olivia,Collihole,OCollihole216@gmail.com.it,Olivia.Collihole@mail.com.it
FAN-2410974,Alyvia,Calbert,ACalbert40@gmail.com.sa,
FAN-2438043,Sam,Rawlings,Sam_Rawlings@gmail.com.it,
FAN-2453632,Samuell,Oxborough,Samuell.Oxborough@mail.com.cz,Samuell._Oxborough@hotmail.com.cz
FAN-2522326,Samuell,Doby,SDoby141@yahoo.com.it,
FAN-2584299,Sam,Styant,Sam_Styant@gmail.com.at,Sam__Styant@hotmail.com.at
FAN-2585654,Soffia,Dreus,Soffia_Dreus@hotmail.com.nl,SDreus4@gmail.com.nl
FAN-2597100,Soffia,Van Dijk,SVanDijk1@gmail.com,S_VanDijk1@hotmail.com
FAN-2602971,Sofia,Kerridge,Sofia_Kerridge@hotmail.com,
FAN-2609599,Sofiya,Laverty,Sofiya_Laverty@hotmail.com.fr,
FAN-2662467,Willem,Hischke,WHischke224@apple.com.mx,
FAN-2677231,Will,Johanchon,WJohanchon195@gmail.com.de,William_Johanchon@gmail.com.de
FAN-2697464,Guillermo,Phython,GPhython118@gmail.com,
FAN-2697595,Guillermo,Sircomb,Guillermo_Sircomb@hotmail.com.nl,WSircomb29@gmail.com.nl
FAN-2720996,Abigale,Riccetti,ARiccetti245@yahoo.com.it,ARiccetti221@gmail.com.it
FAN-2741024,Abigale,Tyas,Abigale_Tyas@yahoo.com.es,ATyas213@outlook.com.es
FAN-2742716,Abbigail,Annett,AAnnett120@gmail.com.nl,AAnnett146@apple.com.nl
FAN-2768906,Abigale,Crabb,ACrabb235@apple.com.de,Abigail_Crabb@hotmail.com.de
FAN-2792670,Aiden,Christer,Aiden_Christer@hotmail.com.pt,Aiden__Christer@hotmail.com.pt
FAN-2799224,Aiden,Laffling,ALaffling35@gmail.com.ca,ALaffling51@gmail.com.ca
FAN-2810948,Ayden,Sartin,Ayden.Sartin@mail.com,
FAN-2811958,Adan,Cush,ACush221@gmail.com.dk,Aiden_Cush@gmail.com.dk
FAN-2815399,Aleksander,McGinney,Aleksander_McGinney@yahoo.com.de,Aleksander__McGinney@hotmail.com.de
FAN-2873227,Alexzander,Clarycott,Alexzander_Clarycott@hotmail.com.pl,
FAN-2912347,Alexander,Navan,Alexander.Navan@mail.com.rs,
FAN-2934219,Alaxander,Dempsey,Alaxander_Dempsey@aol.com.es,
FAN-2959449,Andrey,Ickov,AIckov190@yahoo.com,
FAN-3003222,Andrey,Doby,ADoby44@gmail.com,ADoby166@apple.com
FAN-3005348,Andrey,Luard,ALuard105@apple.com.mx,ALuard247@outlook.com.mx
FAN-3007236,Andrey,Coton,ACoton131@apple.com,A_Coton131@hotmail.com
FAN-3014429,Bennjamin,Douris,BDouris53@yahoo.com,B_Douris53@hotmail.com
FAN-3033395,Benjamin,Badham,Benjamin_Badham@aol.com.de,Benjamin_Badham@gmail.com.de
FAN-3046129,Benjamin,Sherrocks,BSherrocks195@outlook.com,B_Sherrocks195@hotmail.com
FAN-3076198,Bennjamin,Wellsman,Bennjamin_Wellsman@hotmail.com,
FAN-3084374,Cloe,Beacham,Cloe_Beacham@hotmail.com.ca,
FAN-3098704,Chloe,Vest,CVest78@yahoo.com.dk,
FAN-3100350,Cloe,Eagland,Cloe.Eagland@mail.com,
FAN-3101105,Cleo,Cloake,CCloake117@gmail.com.es,
FAN-3152141,Christophe,Buddleigh,CBuddleigh155@gmail.com.es,Christopher_Buddleigh@aol.com.es
FAN-3187507,Christophe,Screaton,Christophe_Screaton@gmail.com,
FAN-3210151,Krystoffer,Gartell,KGartell135@yahoo.com.uk,CGartell70@gmail.com.uk
FAN-3248800,Christopher,Eschelle,Christopher_Eschelle@aol.com.co,
FAN-3312849,Dan,Breeton,DBreeton167@yahoo.com.uk,D_Breeton167@hotmail.com.uk
FAN-3347106,Dan,Morphet,DMorphet246@outlook.com.be,
FAN-3383275,Danial,Le Strange,Danial.LeStrange@mail.com.nl,
FAN-3386074,Danial,Vidler,Danial.Vidler@mail.com,
FAN-3419281,Elizabith,Tivnan,ETivnan40@yahoo.com.se,ETivnan115@yahoo.com.se
FAN-3421186,Elisabeth,Collecott,Elisabeth_Collecott@gmail.com.uk,Elizabeth_Collecott@hotmail.com.uk
FAN-3433993,Elizabeth,Haville,Elizabeth_Haville@hotmail.com.hu,Elizabeth__Haville@hotmail.com.hu
FAN-3435455,Elisabeth,Casham,Elisabeth_Casham@gmail.com.kw,
FAN-3447873,Emmaleigh,Jereatt,Emmaleigh_Jereatt@aol.com,Emily_Jereatt@yahoo.com
FAN-3453369,Emily,Filippov,Emily_Filippov@gmail.com.ca,Emily__Filippov@hotmail.com.ca
FAN-3454038,Emalee,Perford,EPerford143@yahoo.com,E_Perford143@hotmail.com
FAN-3480833,Emily,Skipp,Emily_Skipp@yahoo.com,
FAN-3503668,Emma,Lorie,Emma_Lorie@aol.com,Emma_Lorie@hotmail.com
FAN-3535469,Emm,Aslum,EAslum123@yahoo.com.kr,E_Aslum123@hotmail.com.kr
FAN-3540412,Emma,O'Roan,Emma_O'Roan@aol.com,Emma_O'Roan@gmail.com
FAN-3546849,Emma,Fretwell,Emma_Fretwell@aol.com.fr,Emma_Fretwell@hotmail.com.fr
FAN-3556696,Eitan,McGarrie,EMcGarrie215@gmail.com.fr,EMcGarrie83@gmail.com.fr
FAN-3563123,Ethen,Smalley,ESmalley0@gmail.com,ESmalley166@gmail.com
FAN-3566269,Athan,Hobbert,Athan_Hobbert@gmail.com,Athan__Hobbert@hotmail.com
FAN-3574508,Ethen,Bothe,EBothe203@gmail.com.au,#N/A
FAN-3587425,Gracie,Roddell,GRoddell51@yahoo.com.pt,Grace.Roddell@mail.com.pt
FAN-3627891,Gracie,Bailess,Gracie_Bailess@hotmail.com.es,GBailess165@yahoo.com.es
FAN-3651555,Gracie,Harbertson,GHarbertson17@apple.com.dk,
FAN-3652969,Grace,Mabee,GMabee202@gmail.com.it,G_Mabee202@hotmail.com.it
FAN-3671488,Izabella,Scintsbury,IScintsbury223@yahoo.com.de,Isabella_Scintsbury@yahoo.com.de
FAN-3708832,Izabella,Bedson,IBedson161@outlook.com.hu,IBedson100@apple.com.hu
FAN-3738861,Isabela,Wenzel,IWenzel71@outlook.com,
FAN-3749804,Isabella,Brotherwood,Isabella.Brotherwood@mail.com,
FAN-3752631,Jaymes,Allitt,Jaymes_Allitt@hotmail.com,Jaymes__Allitt@hotmail.com
FAN-3768183,Jaims,Excell,JExcell85@outlook.com.fr,JExcell119@gmail.com.fr
FAN-3793988,James,Drinkale,James_Drinkale@aol.com.es,JDrinkale179@gmail.com.es
FAN-3803300,Jaymes,Pearl,JPearl190@gmail.com.pt,JPearl206@outlook.com.pt
FAN-3821647,Jozef,Shreeve,Jozef_Shreeve@aol.com.pt,Joseph.Shreeve@mail.com.pt
FAN-3848921,Joseph,Mobbs,JMobbs209@gmail.com,
FAN-3858351,Joseph,Robottom,JRobottom174@gmail.com.pt,
FAN-3884983,Josif,Garter,JGarter216@yahoo.com.nl,J_Garter216@hotmail.com.nl
FAN-3902228,Katarina,Perryn,KPerryn21@outlook.com.nl,
FAN-3943223,Katherine,Asbury,Katherine_Asbury@aol.com.rs,Katherine__Asbury@hotmail.com.rs
FAN-3949120,Kathryn,Ketteridge,Kathryn_Ketteridge@yahoo.com.fr,Kathryn__Ketteridge@hotmail.com.fr
FAN-3954535,Kathryn,Stopforth,Kathryn_Stopforth@hotmail.com.nl,Katherine_Stopforth@yahoo.com.nl
FAN-3959601,Lillie,Iacovides,Lillie_Iacovides@hotmail.com.ru,
FAN-3961981,Lillie,Coton,Lillie.Coton@mail.com.pl,
FAN-3982094,Lili,Feveryear,Lili_Feveryear@hotmail.com.ch,Lili__Feveryear@hotmail.com.ch
FAN-3984236,Lilly,O'Reilly,LO'Reilly1@yahoo.com,LO'Reilly46@apple.com
FAN-3991804,Madyson,Huntley,Madyson_Huntley@gmail.com,Madyson__Huntley@hotmail.com
FAN-3992782,Madison,Knappitt,Madison_Knappitt@gmail.com.it,
FAN-4006863,Madyson,Cast,MCast172@outlook.com.at,
FAN-4039618,Madyson,Ridler,Madyson_Ridler@aol.com.at,Madyson__Ridler@hotmail.com.at
FAN-4052700,Matthew,Balloch,Matthew_Balloch@gmail.com.jp,
FAN-4064652,Matthew,Bradwell,Matthew_Bradwell@aol.com.ru,Matthew_Bradwell@yahoo.com.ru
FAN-4071192,Mathew,Melland,Mathew_Melland@yahoo.com.ru,
FAN-4106602,Mateo,Beat,MBeat55@gmail.com,Matthew_Beat@yahoo.com
FAN-4114651,Mikael,Isherwood,MIsherwood234@gmail.com,
FAN-4178110,Michael,Widdison,MWiddison48@apple.com.fr,
FAN-4249771,Mikel,Walter,Mikel.Walter@mail.com.cz,Mikel._Walter@hotmail.com.cz
FAN-4256097,Michael,Robottom,Michael_Robottom@aol.com.es,
FAN-4260800,Olyvia,Zuker,Olyvia_Zuker@gmail.com.kr,Olyvia__Zuker@hotmail.com.kr
FAN-4271837,Alyvia,Haggarth,Alyvia.Haggarth@mail.com.pl,
FAN-4288380,Alivia,Cardoo,Alivia_Cardoo@aol.com.es,Olivia_Cardoo@aol.com.es
FAN-4366191,Olyvia,Mustoo,OMustoo147@gmail.com,OMustoo98@apple.com
FAN-4417821,Samuelito,Trowell,Samuelito_Trowell@gmail.com,STrowell56@gmail.com
FAN-4443492,Sam,Luety,Sam.Luety@mail.com.es,Sam._Luety@hotmail.com.es
FAN-4473215,Samuell,Dumbrall,Samuell_Dumbrall@gmail.com,
FAN-4487222,Sam,Moppett,Sam.Moppett@mail.com.es,
FAN-4493681,Sofia,Beszant,SBeszant167@apple.com,S_Beszant167@hotmail.com
FAN-4502391,Sophia,Presidey,SPresidey1@gmail.com,SPresidey168@yahoo.com
FAN-4507538,Sophia,Fooks,Sophia_Fooks@gmail.com.se,
FAN-4546736,Sophia,Douris,SDouris59@gmail.com.ar,
FAN-4585835,Willem,Jones,Willem_Jones@hotmail.com.kw,William_Jones@aol.com.kw
FAN-4609141,William,Gabitis,WGabitis179@gmail.com.se,William_Gabitis@aol.com.se
FAN-4621006,William,Gynni,WGynni225@outlook.com.ca,W_Gynni225@hotmail.com.ca
FAN-4624515,Will,Dewick,Will_Dewick@hotmail.com,William_Dewick@aol.com
FAN-4631058,Abigayle,Goodley,Abigayle_Goodley@yahoo.com.pt,
FAN-4648879,Abigail,Cinnamond,Abigail_Cinnamond@aol.com.pt,
FAN-4653087,Abigale,Tourry,Abigale.Tourry@mail.com.fi,ATourry162@gmail.com.fi
FAN-4694466,Abigail,Jouandet,AJouandet165@yahoo.com.uk,
FAN-4748204,Aiden,Ox,AOx65@yahoo.com.de,A_Ox65@hotmail.com.de
FAN-4760490,Ayden,Gritskov,AGritskov84@gmail.com.be,
FAN-4774750,Aidan,Sparsholt,Aidan_Sparsholt@hotmail.com.it,Aidan__Sparsholt@hotmail.com.it
FAN-4786451,Ayden,Guinan,AGuinan100@yahoo.com.ae,
FAN-4794615,Alaxander,Attwoull,AAttwoull162@outlook.com.fr,Alexander_Attwoull@hotmail.com.fr
FAN-4812257,Alaxander,Ivashkov,Alaxander_Ivashkov@aol.com.se,
FAN-4816003,Alexzander,Juckes,AJuckes125@apple.com,Alexander_Juckes@hotmail.com
FAN-4821689,Alexander,Dinsdale,ADinsdale98@outlook.com.nl,Alexander_Dinsdale@hotmail.com.nl
FAN-4846480,Andrew,Cullingford,Andrew_Cullingford@yahoo.com.ca,Andrew.Cullingford@mail.com.ca
FAN-4856255,Andreas,Brodley,Andreas_Brodley@yahoo.com.at,ABrodley117@yahoo.com.at
FAN-4876744,Andre,Silversmid,ASilversmid35@gmail.com,
FAN-4899454,Andreas,Acey,Andreas.Acey@mail.com.uk,AAcey31@gmail.com.uk
FAN-4912460,Benjamen,Searby,BSearby163@yahoo.com.ru,BSearby26@apple.com.ru
FAN-4931307,Ben,Chiechio,BChiechio221@gmail.com.be,BChiechio241@apple.com.be
FAN-4935652,Ben,Turland,BTurland23@gmail.com.kr,Benjamin.Turland@mail.com.kr
FAN-4945909,Bennjamin,Boriston,Bennjamin_Boriston@yahoo.com.uk,BBoriston193@gmail.com.uk
FAN-4961949,Cloe,Borrill,CBorrill224@outlook.com.dk,Chloe.Borrill@mail.com.dk
FAN-4979379,Chloe,Devita,CDevita176@outlook.com.es,Chloe_Devita@aol.com.es
FAN-5011491,Khloe,Collingridge,KCollingridge104@outlook.com.es,CCollingridge184@yahoo.com.es
FAN-5012641,Khloe,Walch,Khloe_Walch@aol.com.ca,
FAN-5021721,Christophe,Extil,Christophe_Extil@hotmail.com,Christophe__Extil@hotmail.com
FAN-5044681,Christopher,Nisby,CNisby192@apple.com.pt,
FAN-5092760,Krystoffer,Pellitt,Krystoffer.Pellitt@mail.com,Christopher_Pellitt@yahoo.com
FAN-5094783,Christophe,Warland,Christophe_Warland@hotmail.com.kr,Christophe__Warland@hotmail.com.kr
FAN-5102264,Dan,Houseago,Dan_Houseago@aol.com.es,
FAN-5108571,Daniel,Oyley,Daniel_Oyley@yahoo.com.hu,
FAN-5108806,Daniell,Boldero,Daniell.Boldero@mail.com.jp,Daniell._Boldero@hotmail.com.jp
FAN-5135309,Danial,Discombe,Danial_Discombe@aol.com.de,
FAN-5177054,Elisabeth,Smees,Elisabeth_Smees@hotmail.com.pt,ESmees59@apple.com.pt
FAN-5194773,Elisabeth,Esposita,Elisabeth_Esposita@gmail.com.es,EEsposita249@outlook.com.es
FAN-5213371,Elizabith,Percival,EPercival56@gmail.com,E_Percival56@hotmail.com
FAN-5241210,Elizabeth,Loffel,ELoffel113@yahoo.com,
FAN-5296137,Amelie,Hendin,AHendin100@gmail.com,A_Hendin100@hotmail.com
FAN-5337461,Emily,Buxton,EBuxton81@gmail.com,E_Buxton81@hotmail.com
FAN-5338519,Emalee,Geraudel,Emalee_Geraudel@hotmail.com,
FAN-5346857,Emalee,Gisburn,EGisburn164@gmail.com.fi,Emily_Gisburn@hotmail.com.fi
FAN-5380231,Emm,Sheers,Emm_Sheers@hotmail.com,
FAN-5404908,Emm,Lefwich,ELefwich69@apple.com.uk,ELefwich147@apple.com.uk
FAN-5424532,Emma,Hannabus,EHannabus65@gmail.com,E_Hannabus65@hotmail.com
FAN-5429490,Emma,Arrington,EArrington32@outlook.com,EArrington58@yahoo.com
FAN-5452841,Eitan,Vautier,Eitan.Vautier@mail.com.nl,
FAN-5475271,Eitan,Treske,Eitan_Treske@hotmail.com,
FAN-5518568,Ethen,Tireman,Ethen.Tireman@mail.com.ae,ETireman183@yahoo.com.ae
FAN-5532874,Athan,Phinn,Athan_Phinn@yahoo.com.uk,EPhinn162@outlook.com.uk
FAN-5549789,Gracie,Stucke,Gracie_Stucke@hotmail.com.ru,Gracie__Stucke@hotmail.com.ru
FAN-5577886,Grace,McPolin,GMcPolin15@outlook.com.es,Grace_McPolin@yahoo.com.es
FAN-5580824,Greys,Geane,Greys_Geane@gmail.com.ru,Greys__Geane@hotmail.com.ru
FAN-5582393,Grace,Keers,GKeers197@yahoo.com,
FAN-5616515,Izabella,Gilchrist,IGilchrist222@yahoo.com.fr,I_Gilchrist222@hotmail.com.fr
FAN-5630273,Izabella,Nazareth,Izabella_Nazareth@hotmail.com.ca,Isabella_Nazareth@aol.com.ca
FAN-5641799,Ysabella,Andreu,Ysabella.Andreu@mail.com,Isabella.Andreu@mail.com
FAN-5646890,Izabella,Ruselin,Izabella_Ruselin@hotmail.com,Izabella__Ruselin@hotmail.com
FAN-5682181,Jaymes,Bedham,Jaymes_Bedham@hotmail.com.be,
FAN-5684079,Jaims,Batter,Jaims.Batter@mail.com.br,James_Batter@aol.com.br
FAN-5698447,Jaymes,Billison,Jaymes_Billison@yahoo.com.hr,JBillison185@outlook.com.hr
FAN-5711714,Jaims,Sharrock,Jaims_Sharrock@aol.com.es,Jaims__Sharrock@hotmail.com.es
FAN-5716145,Jozef,Pybworth,Jozef_Pybworth@hotmail.com.br,JPybworth94@gmail.com.br
FAN-5719268,Jozef,Huke,Jozef_Huke@hotmail.com.pt,
FAN-5725845,Joseph,Crisell,Joseph_Crisell@aol.com.it,
FAN-5733546,Jozef,Dillet,Jozef.Dillet@mail.com.uk,
FAN-5794849,Katarina,Fawlks,Katarina_Fawlks@gmail.com.nl,KFawlks80@gmail.com.nl
FAN-5842090,Catherine,Vasilov,CVasilov12@apple.com,Katherine_Vasilov@gmail.com
FAN-5846137,Kathryn,Turmell,Kathryn_Turmell@aol.com.de,KTurmell233@outlook.com.de
FAN-5857056,Katarina,Platfoot,KPlatfoot60@gmail.com.de,K_Platfoot60@hotmail.com.de
FAN-5891463,Lily,Honniebal,Lily_Honniebal@aol.com.es,Lily__Honniebal@hotmail.com.es
FAN-5965623,Lili,Corbally,Lili_Corbally@gmail.com.jp,Lili__Corbally@hotmail.com.jp
FAN-5974286,Lili,Fullerton,Lili.Fullerton@mail.com,Lily_Fullerton@gmail.com
FAN-5994508,Lilly,Isack,Lilly.Isack@mail.com.gr,
FAN-6026267,Madyson,Ridhole,Madyson_Ridhole@hotmail.com.br,
FAN-6038732,Madyson,Leithgoe,MLeithgoe87@yahoo.com.es,Madison_Leithgoe@hotmail.com.es
FAN-6069281,Madisyn,Organer,MOrganer133@yahoo.com.br,MOrganer106@apple.com.br
FAN-6081319,Madison,Dolley,Madison_Dolley@gmail.com.ch,Madison_Dolley@aol.com.ch
FAN-6120777,Mathew,Acres,MAcres220@gmail.com.fi,Matthew.Acres@mail.com.fi
FAN-6159792,Mateo,Amberson,MAmberson108@outlook.com.it,Matthew_Amberson@hotmail.com.it
FAN-6175585,Matthieu,Geaves,Matthieu_Geaves@gmail.com.pt,Matthieu__Geaves@hotmail.com.pt
FAN-6181985,Mathew,Klesse,MKlesse120@yahoo.com,M_Klesse120@hotmail.com
FAN-6192922,Mikael,Noller,MNoller192@gmail.com.at,M_Noller192@hotmail.com.at
FAN-6213345,Mikael,Chiechio,Mikael_Chiechio@hotmail.com.dk,
FAN-6217413,Michael,Robley,Michael_Robley@hotmail.com,
FAN-6217465,Michael,Ridder,Michael_Ridder@yahoo.com,
FAN-6246845,Alivia,Wardhaw,Alivia_Wardhaw@yahoo.com.dk,Olivia_Wardhaw@aol.com.dk
FAN-6274921,Alyvia,A'Barrow,Alyvia_A'Barrow@gmail.com.fr,
FAN-6285208,Olyvia,Jones,Olyvia_Jones@gmail.com.fr,Olivia_Jones@yahoo.com.fr
FAN-6312582,Alyvia,Bodega,ABodega121@apple.com.de,
FAN-6313568,Samuell,Georgeon,SGeorgeon68@outlook.com.fr,
FAN-6320785,Samuelito,Atton,SAtton59@yahoo.com,S_Atton59@hotmail.com
FAN-6322324,Samuelito,Hulett,Samuelito_Hulett@hotmail.com.cz,Samuel_Hulett@hotmail.com.cz
FAN-6326306,Samuelito,Ticehurst,Samuelito_Ticehurst@hotmail.com.ca,STicehurst157@outlook.com.ca
FAN-6401003,Sofia,Sobtka,SSobtka9@gmail.com.fr,
FAN-6403070,Sophia,Haws,Sophia_Haws@hotmail.com.uk,SHaws76@apple.com.uk
FAN-6429699,Sofia,Forkan,SForkan209@yahoo.com.br,SForkan152@gmail.com.br
FAN-6443902,Soffia,Flockhart,SFlockhart247@yahoo.com,Sophia_Flockhart@yahoo.com
FAN-6446029,Will,Geekie,Will_Geekie@gmail.com.de,
FAN-6452215,Will,McKaile,Will_McKaile@aol.com.hu,William_McKaile@yahoo.com.hu
FAN-6556632,William,Trevena,William_Trevena@hotmail.com,William__Trevena@hotmail.com
FAN-6556996,William,Zelley,William_Zelley@gmail.com.kr,WZelley196@outlook.com.kr
FAN-6563416,Abbigail,Airton,Abbigail_Airton@aol.com.fr,Abbigail__Airton@hotmail.com.fr
FAN-6588568,Abigale,Mills,AMills228@apple.com.jp,A_Mills228@hotmail.com.jp
FAN-6609153,Abigayle,Bengoechea,Abigayle.Bengoechea@mail.com,ABengoechea39@gmail.com
FAN-6610302,Abigayle,Thoresbie,Abigayle_Thoresbie@aol.com.it,
FAN-6611727,Aiden,Reisenstein,Aiden.Reisenstein@mail.com.jp,
FAN-6612908,Adan,Baumert,Adan_Baumert@aol.com.dk,
FAN-6619778,Aiden,Penwarden,Aiden_Penwarden@yahoo.com.de,Aiden_Penwarden@aol.com.de
FAN-6632248,Aidan,Gonsalo,Aidan_Gonsalo@hotmail.com.es,
FAN-6641977,Alexzander,Harbert,Alexzander_Harbert@yahoo.com,AHarbert227@apple.com
FAN-6663233,Alexander,Sextie,ASextie29@gmail.com.es,A_Sextie29@aol.com.es
FAN-6692229,Aleksander,Isaq,AIsaq186@gmail.com.uk,
FAN-6710162,Alaxander,Lokier,ALokier153@gmail.com.es,
FAN-6710556,Andrey,Townsend,Andrey_Townsend@gmail.com.sg,
FAN-6712707,Andre,McVicker,Andre_McVicker@hotmail.com.cz,Andrew_McVicker@aol.com.cz
FAN-6719098,Andrey,Alekseicik,Andrey_Alekseicik@hotmail.com.ca,Andrey__Alekseicik@hotmail.com.ca
FAN-6773409,Andrey,Hitter,Andrey_Hitter@aol.com.it,
FAN-6797746,Ben,Batistelli,Ben.Batistelli@mail.com.de,
FAN-6806240,Benjamen,Ruddle,Benjamen_Ruddle@aol.com,Benjamin_Ruddle@yahoo.com
FAN-6806930,Benjamen,Petschel,BPetschel108@gmail.com,Benjamin_Petschel@yahoo.com
FAN-6841199,Ben,Exposito,BExposito129@gmail.com,B_Exposito129@hotmail.com
FAN-6851460,Cloe,Dederick,CDederick139@yahoo.com.fr,
FAN-6868722,Khloe,Docherty,Khloe_Docherty@hotmail.com,CDocherty57@outlook.com
FAN-6879382,Cloe,Klaff,Cloe_Klaff@hotmail.com.es,Cloe__Klaff@hotmail.com.es
FAN-6884009,Khloe,Wornum,Khloe_Wornum@hotmail.com.pt,Khloe__Wornum@hotmail.com.pt
FAN-6923316,Christophe,Knapper,Christophe_Knapper@aol.com,
FAN-6969291,Kristopher,Chiechio,KChiechio157@yahoo.com,Christopher.Chiechio@mail.com
FAN-6991462,Christophe,Arnaudon,Christophe_Arnaudon@yahoo.com.mx,
FAN-7007002,Christophe,Flude,CFlude165@outlook.com,
FAN-7032518,Danial,Bartell,Danial.Bartell@mail.com.uk,DBartell152@outlook.com.uk
FAN-7033922,Daniel,Fitzgerald,DFitzgerald227@yahoo.com.pt,
FAN-7079135,Danial,Posnette,Danial.Posnette@mail.com.nl,Daniel_Posnette@aol.com.nl
FAN-7083006,Daniel,Senner,Daniel_Senner@yahoo.com.kr,DSenner63@apple.com.kr
FAN-7106045,Elizabith,Bather,EBather190@gmail.com.gr,Elizabeth_Bather@aol.com.gr
FAN-7113971,Elizabeth,Belleny,EBelleny88@outlook.com.se,
FAN-7127838,Elizabith,Bouttell,Elizabith.Bouttell@mail.com.fr,
FAN-7146245,Elizabeth,Tennet,Elizabeth.Tennet@mail.com.cn,Elizabeth._Tennet@hotmail.com.cn
FAN-7160701,Amelie,Ebi,Amelie_Ebi@gmail.com.at,Emily.Ebi@mail.com.at
FAN-7165972,Emalee,Kaufman,Emalee_Kaufman@gmail.com.kr,Emalee__Kaufman@hotmail.com.kr
FAN-7196370,Emalee,Berthot,Emalee_Berthot@hotmail.com.nl,
FAN-7216049,Emmaleigh,Bolver,EBolver5@gmail.com.bg,E_Bolver5@hotmail.com.bg
FAN-7222926,Emma,Castanares,Emma_Castanares@hotmail.com.ru,ECastanares70@gmail.com.ru
FAN-7227009,Emmah,Pomroy,Emmah_Pomroy@hotmail.com.kr,Emma_Pomroy@hotmail.com.kr
FAN-7237221,Emmah,Florey,Emmah_Florey@yahoo.com.fr,Emma_Florey@hotmail.com.fr
FAN-7258700,Ema,Bentzen,Ema_Bentzen@hotmail.com.de,Ema__Bentzen@hotmail.com.de
FAN-7265098,Eitan,Baitey,Eitan_Baitey@yahoo.com,
FAN-7276113,Eitan,Sine,Eitan_Sine@hotmail.com.es,Ethan_Sine@hotmail.com.es
FAN-7332220,Ethan,Fifield,Ethan_Fifield@aol.com.jp,Ethan_Fifield@gmail.com.jp
FAN-7337276,Athan,Kirkham,Athan_Kirkham@hotmail.com,
FAN-7393798,Grace,MacAlees,Grace_MacAlees@yahoo.com.gr,Grace__MacAlees@hotmail.com.gr
FAN-7398051,Grace,Bingley,Grace.Bingley@mail.com,GBingley140@yahoo.com
FAN-7398975,Grayce,Hefferon,Grayce.Hefferon@mail.com.ca,
FAN-7404798,Grayce,Gee,Grayce.Gee@mail.com,
FAN-7405266,Isabella,Purton,Isabella_Purton@gmail.com.uk,IPurton212@apple.com.uk
FAN-7409534,Isabela,Spottiswoode,Isabela_Spottiswoode@yahoo.com.ar,ISpottiswoode221@gmail.com.ar
FAN-7419788,Izabella,Finicj,Izabella_Finicj@gmail.com,Isabella.Finicj@mail.com
FAN-7430898,Isabella,Hassen,Isabella_Hassen@hotmail.com.it,
FAN-7460020,James,Cranshaw,James.Cranshaw@mail.com.es,James_Cranshaw@aol.com.es
FAN-7468232,Jaymes,Whatling,JWhatling210@apple.com.jp,James_Whatling@aol.com.jp
FAN-7471670,Jaims,Shuttlewood,Jaims_Shuttlewood@gmail.com,
FAN-7472458,Jaymz,Downe,JDowne45@apple.com.de,James_Downe@gmail.com.de
FAN-7491155,Josef,Burg,JBurg138@apple.com,J_Burg138@hotmail.com
FAN-7495136,Josif,Roddell,Josif_Roddell@yahoo.com.pt,Josif__Roddell@hotmail.com.pt
FAN-7560477,Jozef,Lease,Jozef_Lease@gmail.com.br,JLease157@yahoo.com.br
FAN-7575571,Josef,Schiefersten,Josef_Schiefersten@yahoo.com.se,
FAN-7603796,Katarina,Bengoechea,Katarina_Bengoechea@hotmail.com.jp,Katherine.Bengoechea@mail.com.jp
FAN-7666021,Katarina,Bushe,Katarina_Bushe@hotmail.com.ch,Katherine_Bushe@aol.com.ch
FAN-7723409,Catherine,Kisbee,Catherine_Kisbee@hotmail.com.it,KKisbee39@apple.com.it
FAN-7778109,Katherine,Usherwood,KUsherwood170@gmail.com.co,K_Usherwood170@hotmail.com.co
FAN-7778510,Lilly,McCahey,LMcCahey27@yahoo.com.fr,Lily_McCahey@hotmail.com.fr
FAN-7830774,Lily,Osler,Lily.Osler@mail.com.de,Lily._Osler@hotmail.com.de
FAN-7833074,Lilly,MacGillavery,Lilly_MacGillavery@aol.com.jp,
FAN-7834184,Lili,Camus,Lili.Camus@mail.com.de,
FAN-7834466,Maddison,Zucker,Maddison_Zucker@aol.com.mx,Maddison__Zucker@hotmail.com.mx
FAN-7870436,Madyson,Dibdale,MDibdale38@outlook.com.no,
FAN-7886505,Maddison,Vautier,MVautier111@gmail.com.es,MVautier40@outlook.com.es
FAN-7917767,Madison,Ierland,Madison_Ierland@gmail.com.uk,MIerland137@yahoo.com.uk
FAN-7923265,Mateo,Ferron,Mateo_Ferron@hotmail.com.jp,
FAN-7939695,Mathew,Lathaye,MLathaye84@apple.com.ar,M_Lathaye84@hotmail.com.ar
FAN-8052991,Mathew,Luard,Mathew_Luard@yahoo.com.es,
FAN-8078831,Mathew,Brumham,Mathew_Brumham@hotmail.com.uk,Matthew_Brumham@hotmail.com.uk
FAN-8080002,Mikael,Linfield,MLinfield48@outlook.com,MLinfield92@yahoo.com
FAN-8090324,Mikael,Reford,Mikael_Reford@hotmail.com,Michael_Reford@hotmail.com
FAN-8107529,Mikel,Kristoffersson,MKristoffersson147@apple.com.uk,MKristoffersson139@apple.com.uk
FAN-8143164,Mikael,Tennet,Mikael_Tennet@hotmail.com.gr,
FAN-8145102,Olivia,Hembrow,OHembrow78@gmail.com.be,OHembrow103@outlook.com.be
FAN-8155684,Alyvia,Kwiek,AKwiek28@gmail.com.ca,
FAN-8158333,Olivia,Renfield,Olivia_Renfield@hotmail.com.gr,
FAN-8182403,Alyvia,Tomaszek,Alyvia_Tomaszek@hotmail.com.ar,OTomaszek127@yahoo.com.ar
FAN-8198382,Samuel,Vardey,Samuel_Vardey@gmail.com,SVardey180@apple.com
FAN-8252780,Sam,MacLucais,Sam_MacLucais@aol.com,Samuel_MacLucais@hotmail.com
FAN-8259192,Samuell,Wolfarth,Samuell.Wolfarth@mail.com.fr,Samuel_Wolfarth@hotmail.com.fr
FAN-8293439,Samuel,Buie,SBuie161@yahoo.com.cn,Samuel_Buie@hotmail.com.cn
FAN-8366014,Soffia,McBrearty,Soffia_McBrearty@hotmail.com.br,
FAN-8379456,Sofia,Falls,Sofia_Falls@hotmail.com,
FAN-8391028,Soffia,Royce,SRoyce53@outlook.com.it,Sophia_Royce@hotmail.com.it
FAN-8396198,Sofia,Neave,Sofia_Neave@yahoo.com.hr,SNeave126@yahoo.com.hr
FAN-8425559,Guillermo,Gartsyde,GGartsyde27@apple.com.au,
FAN-8432214,Willem,Prowse,WProwse109@outlook.com.it,WProwse163@apple.com.it
FAN-8476294,Willem,Whiskerd,WWhiskerd91@apple.com.pt,William.Whiskerd@mail.com.pt
FAN-8492379,Willem,Divine,WDivine177@gmail.com.ca,WDivine26@apple.com.ca
FAN-8495678,Abigayle,Watling,AWatling47@gmail.com.es,AWatling0@yahoo.com.es
FAN-8500853,Abigail,Attwool,Abigail_Attwool@hotmail.com.es,
FAN-8546429,Abigale,Furmagier,Abigale_Furmagier@hotmail.com.no,Abigale__Furmagier@hotmail.com.no
FAN-8564819,Abigail,Danher,Abigail_Danher@aol.com,Abigail__Danher@hotmail.com
FAN-8573412,Ayden,Barenskie,ABarenskie136@apple.com.ch,A_Barenskie136@hotmail.com.ch
FAN-8583850,Aiden,Lathaye,Aiden_Lathaye@hotmail.com.fi,Aiden__Lathaye@hotmail.com.fi
FAN-8591059,Aiden,Horning,Aiden_Horning@hotmail.com.ca,
FAN-8622033,Ayden,Sartin,ASartin188@outlook.com.au,Aiden_Sartin@aol.com.au
FAN-8629846,Aleksander,Gerssam,Aleksander_Gerssam@aol.com,AGerssam237@gmail.com
FAN-8641093,Aleksander,Worvell,Aleksander_Worvell@hotmail.com.uk,Aleksander__Worvell@hotmail.com.uk
FAN-8641535,Aleksander,Wisniewski,AWisniewski124@gmail.com,Alexander_Wisniewski@hotmail.com
FAN-8675384,Aleksander,Eddington,Aleksander_Eddington@hotmail.com,Aleksander__Eddington@hotmail.com
FAN-8677815,Andrey,McAusland,Andrey.McAusland@mail.com,Andrey._McAusland@hotmail.com
FAN-8696017,Andrew,O'Kinedy,Andrew_O'Kinedy@hotmail.com.pt,Andrew__O'Kinedy@hotmail.com.pt
FAN-8703655,Andre,Crut,ACrut201@yahoo.com.es,
FAN-8706494,Andrew,Bellon,ABellon164@outlook.com.nl,A_Bellon164@hotmail.com.nl
FAN-8712304,Benjamen,Standall,BStandall85@apple.com,Benjamin_Standall@gmail.com
FAN-8716664,Benjamin,Mullin,BMullin59@outlook.com.nl,B_Mullin59@hotmail.com.nl
FAN-8731197,Benjamen,Nulty,Benjamen_Nulty@gmail.com.pt,Benjamin.Nulty@mail.com.pt
FAN-8731778,Ben,Rockwell,BRockwell80@outlook.com.pt,B_Rockwell80@hotmail.com.pt
FAN-8737687,Chloe,Jessett,CJessett35@outlook.com,
FAN-8743159,Khloe,Grantham,KGrantham9@gmail.com.jp,CGrantham124@gmail.com.jp
FAN-8771501,Khloe,Durand,Khloe_Durand@aol.com.ch,Khloe__Durand@hotmail.com.ch
FAN-8780478,Cloe,Riccetti,Cloe.Riccetti@mail.com.ro,Chloe.Riccetti@mail.com.ro
FAN-8801867,Krystoffer,McCumskay,KMcCumskay204@outlook.com.qa,CMcCumskay93@yahoo.com.qa
FAN-8832440,Christophe,Reyburn,CReyburn196@yahoo.com,
FAN-8841312,Kristopher,Kinker,KKinker87@apple.com.de,K_Kinker87@hotmail.com.de
FAN-8850457,Kristopher,Lace,Kristopher_Lace@hotmail.com,Christopher_Lace@aol.com
FAN-8877754,Dan,Castelletto,DCastelletto122@yahoo.com.ch,D_Castelletto122@hotmail.com.ch
FAN-8894871,Danial,Dumini,Danial_Dumini@aol.com.it,Daniel_Dumini@hotmail.com.it
FAN-8905198,Daniell,Floodgate,Daniell_Floodgate@hotmail.com.ua,Daniell__Floodgate@hotmail.com.ua
FAN-8945561,Dan,Leadstone,DLeadstone176@yahoo.com,DLeadstone163@yahoo.com
FAN-8957898,Elisabeth,Paler,Elisabeth_Paler@hotmail.com.sk,Elizabeth_Paler@gmail.com.sk
FAN-8971591,Elisabeth,Ellissen,Elisabeth_Ellissen@yahoo.com,Elizabeth_Ellissen@yahoo.com
FAN-8994678,Elisabeth,Angus,Elisabeth_Angus@aol.com.eg,
FAN-9001272,Elizabith,Gebbe,Elizabith_Gebbe@hotmail.com,Elizabith__Gebbe@hotmail.com
FAN-9006656,Emily,Colles,Emily_Colles@gmail.com.ar,EColles155@outlook.com.ar
FAN-9065391,Emily,Loadwick,Emily_Loadwick@aol.com.de,ELoadwick52@yahoo.com.de
FAN-9091170,Amelie,Mizzen,AMizzen103@yahoo.com.it,A_Mizzen103@hotmail.com.it
FAN-9092701,Emalee,Grantham,Emalee_Grantham@yahoo.com.de,
FAN-9130200,Emma,Abramino,EAbramino148@gmail.com.at,
FAN-9135566,Ema,MacCoughan,EMacCoughan173@outlook.com.de,E_MacCoughan173@hotmail.com.de
FAN-9144735,Ema,Coogan,Ema_Coogan@hotmail.com,ECoogan208@apple.com
FAN-9239338,Emmah,Dillingston,EDillingston15@yahoo.com.no,Emma_Dillingston@aol.com.no
FAN-9243232,Ethan,Simony,ESimony232@outlook.com,Ethan_Simony@gmail.com
FAN-9245915,Athan,Jirusek,AJirusek213@gmail.com,
FAN-9248524,Eitan,Braxay,Eitan_Braxay@aol.com,
FAN-9255968,Ethen,Shirrell,EShirrell104@outlook.com.fr,E_Shirrell104@hotmail.com.fr
FAN-9265629,Gracie,Ekkel,GEkkel208@outlook.com.pl,G_Ekkel208@hotmail.com.pl
FAN-9308199,Greys,MacCoughan,GMacCoughan98@gmail.com,Grace_MacCoughan@hotmail.com
FAN-9376033,Grace,McCullagh,Grace_McCullagh@hotmail.com.bg,
FAN-9378596,Grace,Gebbe,Grace.Gebbe@mail.com.au,
FAN-9384303,Izabella,Gabitis,IGabitis12@outlook.com.se,I_Gabitis12@hotmail.com.se
FAN-9396617,Izabella,Royds,IRoyds114@apple.com,
FAN-9398170,Isabella,Randales,IRandales32@apple.com.fr,I_Randales32@hotmail.com.fr
FAN-9411625,Ysabella,Killingsworth,YKillingsworth205@yahoo.com.be,Isabella_Killingsworth@aol.com.be
FAN-9425182,Jaymes,McCuish,JMcCuish152@outlook.com,J_McCuish152@hotmail.com
FAN-9432595,Jaims,Exposito,JExposito114@outlook.com.fr,
FAN-9445680,James,Normanvill,James_Normanvill@gmail.com,
FAN-9454297,Jaims,Dunnan,JDunnan57@gmail.com.dk,James_Dunnan@yahoo.com.dk
FAN-9485968,Joseph,Pinches,JPinches5@gmail.com.pt,
FAN-9526001,Jozef,Rosin,JRosin167@yahoo.com.de,
FAN-9544449,Joseph,Norman,JNorman8@outlook.com.mx,
FAN-9606728,Josif,Tesimon,Josif_Tesimon@yahoo.com.fr,Josif__Tesimon@hotmail.com.fr
FAN-9609644,Catherine,Burtwistle,Catherine.Burtwistle@mail.com.uk,
FAN-9612931,Kathryn,Emnoney,Kathryn_Emnoney@gmail.com.cz,Kathryn__Emnoney@gmail.com.cz
FAN-9660505,Katarina,Hembrow,Katarina.Hembrow@mail.com.ru,Katherine_Hembrow@yahoo.com.ru
FAN-9664582,Catherine,Cholton,Catherine_Cholton@gmail.com.tr,
FAN-9699213,Lilly,Handyside,Lilly_Handyside@hotmail.com,
FAN-9701199,Lili,Duffin,Lili_Duffin@hotmail.com.pl,
FAN-9704369,Lily,Allewell,LAllewell47@gmail.com.es,
FAN-9708177,Lili,Sargison,Lili.Sargison@mail.com.sk,Lily_Sargison@yahoo.com.sk
FAN-9732021,Madisyn,Oldman,MOldman77@yahoo.com.es,M_Oldman77@hotmail.com.es
FAN-9733696,Maddison,Poles,MPoles136@outlook.com.uk,M_Poles136@hotmail.com.uk
FAN-9743416,Madyson,Elloway,MElloway82@gmail.com.ua,M_Elloway82@hotmail.com.ua
FAN-9753719,Madisyn,Coggan,Madisyn.Coggan@mail.com.es,Madisyn._Coggan@hotmail.com.es
FAN-9768711,Matthieu,Bodega,Matthieu_Bodega@hotmail.com.fr,Matthieu__Bodega@hotmail.com.fr
FAN-9776469,Mathew,Picton,MPicton0@gmail.com.ch,
FAN-9779268,Mathew,Askie,MAskie116@yahoo.com,M_Askie116@hotmail.com
FAN-9783885,Mateo,Josupeit,MJosupeit176@gmail.com.de,
FAN-9794581,Michael,Smithson,MSmithson157@yahoo.com.fr,M_Smithson157@hotmail.com.fr
FAN-9795274,Mikel,Rosenbaum,MRosenbaum111@outlook.com.de,M_Rosenbaum111@hotmail.com.de
FAN-9816331,Mikael,Borne,Mikael_Borne@yahoo.com,
FAN-9827189,Mikel,Brownsword,MBrownsword176@yahoo.com.es,MBrownsword102@apple.com.es
FAN-9834315,Olivia,Pirri,OPirri115@outlook.com.fr,
FAN-9847724,Alyvia,Cadlock,Alyvia_Cadlock@hotmail.com,Alyvia__Cadlock@hotmail.com
FAN-9859192,Olyvia,Causnett,OCausnett241@apple.com.uk,
FAN-9886517,Alivia,Cruickshank,Alivia.Cruickshank@mail.com.be,Olivia_Cruickshank@hotmail.com.be
FAN-9901729,Samuell,Mendes,Samuell_Mendes@yahoo.com.es,Samuel_Mendes@aol.com.es
FAN-9910621,Samuell,Flatt,Samuell_Flatt@yahoo.com.ar,
FAN-9913759,Samuell,Rigeby,SRigeby54@gmail.com,
FAN-9915193,Sam,Dethloff,Sam_Dethloff@gmail.com,Sam__Dethloff@hotmail.com
FAN-9915318,Sofia,Burg,Sofia_Burg@aol.com,Sofia__Burg@hotmail.com
FAN-9925460,Sophia,Gee,SGee163@outlook.com,SGee179@apple.com
FAN-9927994,Sophia,McMakin,SMcMakin96@yahoo.com.ca,
FAN-9951084,Sofiya,Bolmann,Sofiya_Bolmann@aol.com.es,Sophia_Bolmann@hotmail.com.es
FAN-9953546,Guillermo,Pavel,GPavel50@gmail.com,William_Pavel@gmail.com
FAN-9956275,Willem,Sircomb,WSircomb198@yahoo.com,W_Sircomb198@hotmail.com
FAN-9958480,Will,Aslum,Will_Aslum@hotmail.com.jp,Will__Aslum@hotmail.com.jp
FAN-9992068,William,Thomann,WThomann152@outlook.com.ca,